time,centroidA_x,centroidA_y,centroidA_z,centroidB_x,centroidB_y,centroidB_z,distance,rel_velocity,angle_deg,bounds_intersect,boundsA_min_x,boundsA_min_y,boundsA_min_z,boundsA_max_x,boundsA_max_y,boundsA_max_z,boundsB_min_x,boundsB_min_y,boundsB_min_z,boundsB_max_x,boundsB_max_y,boundsB_max_z,boundsB_min_world_x,boundsB_min_world_y,boundsB_min_world_z,boundsB_max_world_x,boundsB_max_world_y,boundsB_max_world_z
0.08,-0.0073,1.8027,-5.8932,5.8700,1.5249,5.3101,12.6544,0.0000,0.00,True,-1.2927,-1.7103,-1.6987,1.3048,1.7944,3.3814,-0.5000,-0.5000,-0.5000,0.5000,0.5000,0.5000,4.3700,0.0250,3.8100,7.3700,3.0249,6.8101
0.08,-0.0073,1.8027,-5.8932,-5.3467,1.5278,5.3095,12.4132,0.0000,0.00,True,-1.2927,-1.7103,-1.6987,1.3048,1.7944,3.3814,-0.5000,-0.5000,-0.5000,0.5000,0.5000,0.5000,-6.8496,0.0304,3.8098,-3.8439,3.0252,6.8093
0.19,-0.0281,1.8011,-5.8909,5.8700,1.5250,5.3100,12.6619,0.2094,0.00,True,-1.4008,-1.7104,-1.7222,1.4295,1.8002,3.4028,-0.5000,-0.5000,-0.5000,0.5000,0.5000,0.5000,4.3700,0.0250,3.8100,7.3700,3.0250,6.8100
0.19,-0.0281,1.8011,-5.8909,-5.3499,1.5250,5.3098,12.4038,0.1774,36.80,True,-1.4008,-1.7104,-1.7222,1.4295,1.8002,3.4028,-0.5000,-0.5000,-0.5000,0.5000,0.5000,0.5000,-6.8498,0.0249,3.8098,-3.8499,3.0251,6.8098
0.29,-0.0572,1.8180,-5.8884,5.8700,1.5250,5.3100,12.6737,0.3373,0.00,True,-1.5033,-1.7106,-1.7624,1.5107,1.8098,3.4252,-0.5000,-0.5000,-0.5000,0.5000,0.5000,0.5000,4.3700,0.0250,3.8100,7.3700,3.0250,6.8100
0.29,-0.0572,1.8180,-5.8884,-5.3498,1.5250,5.3099,12.3895,0.3378,0.00,True,-1.5033,-1.7106,-1.7624,1.5107,1.8098,3.4252,-0.5000,-0.5000,-0.5000,0.5000,0.5000,0.5000,-6.8498,0.0250,3.8098,-3.8499,3.0250,6.8099
0.39,-0.0904,1.8407,-5.8875,5.8700,1.5250,5.3100,12.6890,0.4030,0.00,True,-1.5619,-1.7103,-1.8004,1.4833,1.8197,3.4398,-0.5000,-0.5000,-0.5000,0.5000,0.5000,0.5000,4.3700,0.0250,3.8100,7.3700,3.0250,6.8100
0.39,-0.0904,1.8407,-5.8875,-5.3498,1.5250,5.3099,12.3751,0.4030,0.00,True,-1.5619,-1.7103,-1.8004,1.4833,1.8197,3.4398,-0.5000,-0.5000,-0.5000,0.5000,0.5000,0.5000,-6.8498,0.0250,3.8098,-3.8499,3.0250,6.8099
0.49,-0.1181,1.8640,-5.8876,5.8700,1.5250,5.3100,12.7027,0.3616,0.00,True,-1.5782,-1.7097,-1.8222,1.3860,1.8290,3.4421,-0.5000,-0.5000,-0.5000,0.5000,0.5000,0.5000,4.3700,0.0250,3.8100,7.3700,3.0250,6.8100
0.49,-0.1181,1.8640,-5.8876,-5.3498,1.5250,5.3099,12.3640,0.3616,0.00,True,-1.5782,-1.7097,-1.8222,1.3860,1.8290,3.4421,-0.5000,-0.5000,-0.5000,0.5000,0.5000,0.5000,-6.8498,0.0250,3.8098,-3.8499,3.0250,6.8099
0.60,-0.1346,1.8777,-5.8870,5.8700,1.5250,5.3100,12.7103,0.2149,0.00,True,-1.5545,-1.7091,-1.8117,1.3200,1.8358,3.4382,-0.5000,-0.5000,-0.5000,0.5000,0.5000,0.5000,4.3700,0.0250,3.8100,7.3700,3.0250,6.8100
0.60,-0.1346,1.8777,-5.8870,-5.3498,1.5250,5.3099,12.3569,0.2149,0.00,True,-1.5545,-1.7091,-1.8117,1.3200,1.8358,3.4382,-0.5000,-0.5000,-0.5000,0.5000,0.5000,0.5000,-6.8498,0.0250,3.8098,-3.8499,3.0250,6.8099
0.70,-0.1041,1.8050,-5.8897,5.8700,1.5250,5.3100,12.6966,0.7889,0.00,True,-1.5056,-1.7256,-1.7327,1.4367,1.7594,3.4176,-0.5000,-0.5000,-0.5000,0.5000,0.5000,0.5000,4.3700,0.0250,3.8100,7.3700,3.0250,6.8100
0.70,-0.1041,1.8050,-5.8897,-5.3498,1.5250,5.3099,12.3704,0.7889,0.00,True,-1.5056,-1.7256,-1.7327,1.4367,1.7594,3.4176,-0.5000,-0.5000,-0.5000,0.5000,0.5000,0.5000,-6.8498,0.0250,3.8098,-3.8499,3.0250,6.8099
0.80,-0.0685,1.7264,-5.8667,5.8700,1.5250,5.3100,12.6581,0.8935,0.00,True,-1.4137,-1.7367,-1.7004,1.4631,1.6868,3.3767,-0.5000,-0.5000,-0.5000,0.5000,0.5000,0.5000,4.3700,0.0250,3.8100,7.3700,3.0250,6.8100
0.80,-0.0685,1.7264,-5.8667,-5.3498,1.5250,5.3099,12.3632,0.8935,0.00,True,-1.4137,-1.7367,-1.7004,1.4631,1.6868,3.3767,-0.5000,-0.5000,-0.5000,0.5000,0.5000,0.5000,-6.8498,0.0250,3.8098,-3.8499,3.0250,6.8099
0.90,-0.0327,1.6612,-5.8116,5.8700,1.5250,5.3100,12.5917,0.9255,0.00,True,-1.3145,-1.7253,-1.7016,1.3854,1.6397,3.3275,-0.5000,-0.5000,-0.5000,0.5000,0.5000,0.5000,4.3700,0.0250,3.8100,7.3700,3.0250,6.8100
0.90,-0.0327,1.6612,-5.8116,-5.3498,1.5250,5.3099,12.3279,0.9255,0.00,True,-1.3145,-1.7253,-1.7016,1.3854,1.6397,3.3275,-0.5000,-0.5000,-0.5000,0.5000,0.5000,0.5000,-6.8498,0.0250,3.8098,-3.8499,3.0250,6.8099
1.00,-0.0006,1.6077,-5.7269,5.8700,1.5250,5.3100,12.5014,1.0521,0.00,True,-1.2746,-1.7174,-1.7563,1.3079,1.5967,3.2824,-0.5000,-0.5000,-0.5000,0.5000,0.5000,0.5000,4.3700,0.0250,3.8100,7.3700,3.0250,6.8100
1.00,-0.0006,1.6077,-5.7269,-5.3498,1.5250,5.3099,12.2650,1.0521,0.00,True,-1.2746,-1.7174,-1.7563,1.3079,1.5967,3.2824,-0.5000,-0.5000,-0.5000,0.5000,0.5000,0.5000,-6.8498,0.0250,3.8098,-3.8499,3.0250,6.8099
1.10,0.0195,1.5726,-5.6119,5.8700,1.5250,5.3100,12.3903,1.2187,0.00,True,-1.2623,-1.7106,-1.8668,1.2599,1.5561,3.2514,-0.5000,-0.5000,-0.5000,0.5000,0.5000,0.5000,4.3700,0.0250,3.8100,7.3700,3.0250,6.8100
1.10,0.0195,1.5726,-5.6119,-5.3498,1.5250,5.3099,12.1704,1.2187,0.00,True,-1.2623,-1.7106,-1.8668,1.2599,1.5561,3.2514,-0.5000,-0.5000,-0.5000,0.5000,0.5000,0.5000,-6.8498,0.0250,3.8098,-3.8499,3.0250,6.8099
1.21,0.0139,1.5750,-5.4880,5.8700,1.5250,5.3100,12.2839,1.2406,0.00,True,-1.2456,-1.7100,-1.8602,1.2516,1.5590,3.2485,-0.5000,-0.5000,-0.5000,0.5000,0.5000,0.5000,4.3700,0.0250,3.8100,7.3700,3.0250,6.8100
1.21,0.0139,1.5750,-5.4880,-5.3498,1.5250,5.3099,12.0568,1.2406,0.00,True,-1.2456,-1.7100,-1.8602,1.2516,1.5590,3.2485,-0.5000,-0.5000,-0.5000,0.5000,0.5000,0.5000,-6.8498,0.0250,3.8098,-3.8499,3.0250,6.8099
1.31,0.0061,1.5768,-5.3734,5.8700,1.5250,5.3100,12.1870,1.1489,0.00,True,-1.2317,-1.7228,-1.8144,1.2449,1.5695,3.2339,-0.5000,-0.5000,-0.5000,0.5000,0.5000,0.5000,4.3700,0.0250,3.8100,7.3700,3.0250,6.8100
1.31,0.0061,1.5768,-5.3734,-5.3498,1.5250,5.3099,11.9508,1.1489,0.00,True,-1.2317,-1.7228,-1.8144,1.2449,1.5695,3.2339,-0.5000,-0.5000,-0.5000,0.5000,0.5000,0.5000,-6.8498,0.0250,3.8098,-3.8499,3.0250,6.8099
1.41,-0.0035,1.5787,-5.2616,5.8700,1.5250,5.3100,12.0938,1.1221,0.00,True,-1.2240,-1.7227,-1.7445,1.2435,1.5836,3.2121,-0.5000,-0.5000,-0.5000,0.5000,0.5000,0.5000,4.3700,0.0250,3.8100,7.3700,3.0250,6.8100
1.41,-0.0035,1.5787,-5.2616,-5.3498,1.5250,5.3099,11.8466,1.1221,0.00,True,-1.2240,-1.7227,-1.7445,1.2435,1.5836,3.2121,-0.5000,-0.5000,-0.5000,0.5000,0.5000,0.5000,-6.8498,0.0250,3.8098,-3.8499,3.0250,6.8099
1.51,-0.0125,1.5794,-5.1528,5.8700,1.5250,5.3100,12.0032,1.0918,0.00,True,-1.2244,-1.7076,-1.6812,1.2516,1.5962,3.1897,-0.5000,-0.5000,-0.5000,0.5000,0.5000,0.5000,4.3700,0.0250,3.8100,7.3700,3.0250,6.8100
1.51,-0.0125,1.5794,-5.1528,-5.3498,1.5250,5.3099,11.7456,1.0918,0.00,True,-1.2244,-1.7076,-1.6812,1.2516,1.5962,3.1897,-0.5000,-0.5000,-0.5000,0.5000,0.5000,0.5000,-6.8498,0.0250,3.8098,-3.8499,3.0250,6.8099
1.61,-0.0181,1.5778,-5.0446,5.8700,1.5250,5.3100,11.9118,1.0837,0.00,True,-1.2295,-1.7083,-1.7642,1.2660,1.6024,3.1731,-0.5000,-0.5000,-0.5000,0.5000,0.5000,0.5000,4.3700,0.0250,3.8100,7.3700,3.0250,6.8100
1.61,-0.0181,1.5778,-5.0446,-5.3498,1.5250,5.3099,11.6467,1.0837,0.00,True,-1.2295,-1.7083,-1.7642,1.2660,1.6024,3.1731,-0.5000,-0.5000,-0.5000,0.5000,0.5000,0.5000,-6.8498,0.0250,3.8098,-3.8499,3.0250,6.8099
1.72,-0.0212,1.5767,-4.9323,5.8700,1.5250,5.3100,11.8158,1.1234,0.00,True,-1.2400,-1.7094,-1.8286,1.2821,1.6036,3.1719,-0.5000,-0.5000,-0.5000,0.5000,0.5000,0.5000,4.3700,0.0250,3.8100,7.3700,3.0250,6.8100
1.72,-0.0212,1.5767,-4.9323,-5.3498,1.5250,5.3099,11.5455,1.1234,0.00,True,-1.2400,-1.7094,-1.8286,1.2821,1.6036,3.1719,-0.5000,-0.5000,-0.5000,0.5000,0.5000,0.5000,-6.8498,0.0250,3.8098,-3.8499,3.0250,6.8099
1.83,-0.0236,1.5696,-4.8115,5.8700,1.5250,5.3100,11.7124,1.2107,0.00,True,-1.2574,-1.7154,-1.8619,1.2984,1.5943,3.1860,-0.5000,-0.5000,-0.5000,0.5000,0.5000,0.5000,4.3700,0.0250,3.8100,7.3700,3.0250,6.8100
1.83,-0.0236,1.5696,-4.8115,-5.3498,1.5250,5.3099,11.4373,1.2107,0.00,True,-1.2574,-1.7154,-1.8619,1.2984,1.5943,3.1860,-0.5000,-0.5000,-0.5000,0.5000,0.5000,0.5000,-6.8498,0.0250,3.8098,-3.8499,3.0250,6.8099
1.93,-0.0239,1.5711,-4.6669,5.8700,1.5250,5.3100,11.5878,1.4459,0.00,True,-1.2735,-1.7090,-1.8661,1.3046,1.5824,3.2135,-0.5000,-0.5000,-0.5000,0.5000,0.5000,0.5000,4.3700,0.0250,3.8100,7.3700,3.0250,6.8100
1.93,-0.0239,1.5711,-4.6669,-5.3498,1.5250,5.3099,11.3094,1.4459,0.00,True,-1.2735,-1.7090,-1.8661,1.3046,1.5824,3.2135,-0.5000,-0.5000,-0.5000,0.5000,0.5000,0.5000,-6.8498,0.0250,3.8098,-3.8499,3.0250,6.8099
2.03,-0.0238,1.5737,-4.5398,5.8700,1.5250,5.3100,11.4786,1.2707,0.00,True,-1.2735,-1.7083,-1.7941,1.2920,1.5693,3.2352,-0.5000,-0.5000,-0.5000,0.5000,0.5000,0.5000,4.3700,0.0250,3.8100,7.3700,3.0250,6.8100
2.03,-0.0238,1.5737,-4.5398,-5.3498,1.5250,5.3099,11.1976,1.2707,0.00,True,-1.2735,-1.7083,-1.7941,1.2920,1.5693,3.2352,-0.5000,-0.5000,-0.5000,0.5000,0.5000,0.5000,-6.8498,0.0250,3.8098,-3.8499,3.0250,6.8099
2.13,-0.0211,1.5748,-4.4104,5.8700,1.5250,5.3100,11.3664,1.2942,0.00,True,-1.2637,-1.7104,-1.8463,1.2702,1.5585,3.2495,-0.5000,-0.5000,-0.5000,0.5000,0.5000,0.5000,4.3700,0.0250,3.8100,7.3700,3.0250,6.8100
2.13,-0.0211,1.5748,-4.4104,-5.3498,1.5250,5.3099,11.0852,1.2942,0.00,True,-1.2637,-1.7104,-1.8463,1.2702,1.5585,3.2495,-0.5000,-0.5000,-0.5000,0.5000,0.5000,0.5000,-6.8498,0.0250,3.8098,-3.8499,3.0250,6.8099
2.23,-0.0165,1.5797,-4.2881,5.8700,1.5250,5.3100,11.2595,1.2255,0.00,True,-1.2547,-1.7100,-1.8698,1.2520,1.5596,3.2535,-0.5000,-0.5000,-0.5000,0.5000,0.5000,0.5000,4.3700,0.0250,3.8100,7.3700,3.0250,6.8100
2.23,-0.0165,1.5797,-4.2881,-5.3498,1.5250,5.3099,10.9804,1.2255,0.00,True,-1.2547,-1.7100,-1.8698,1.2520,1.5596,3.2535,-0.5000,-0.5000,-0.5000,0.5000,0.5000,0.5000,-6.8498,0.0250,3.8098,-3.8499,3.0250,6.8099
2.34,-0.0085,1.5805,-4.1674,5.8700,1.5250,5.3100,11.1527,1.2090,0.00,True,-1.2468,-1.7180,-1.8275,1.2366,1.5670,3.2412,-0.5000,-0.5000,-0.5000,0.5000,0.5000,0.5000,4.3700,0.0250,3.8100,7.3700,3.0250,6.8100
2.34,-0.0085,1.5805,-4.1674,-5.3498,1.5250,5.3099,10.8790,1.2090,0.00,True,-1.2468,-1.7180,-1.8275,1.2366,1.5670,3.2412,-0.5000,-0.5000,-0.5000,0.5000,0.5000,0.5000,-6.8498,0.0250,3.8098,-3.8499,3.0250,6.8099
2.44,-0.0019,1.5814,-4.0583,5.8700,1.5250,5.3100,11.0566,1.0934,0.00,True,-1.2437,-1.7254,-1.7587,1.2253,1.5791,3.2213,-0.5000,-0.5000,-0.5000,0.5000,0.5000,0.5000,4.3700,0.0250,3.8100,7.3700,3.0250,6.8100
2.44,-0.0019,1.5814,-4.0583,-5.3498,1.5250,5.3099,10.7873,1.0934,0.00,True,-1.2437,-1.7254,-1.7587,1.2253,1.5791,3.2213,-0.5000,-0.5000,-0.5000,0.5000,0.5000,0.5000,-6.8498,0.0250,3.8098,-3.8499,3.0250,6.8099
2.54,0.0050,1.5811,-3.9508,5.8700,1.5250,5.3100,10.9620,1.0772,0.00,True,-1.2482,-1.7100,-1.6844,1.2209,1.5917,3.1981,-0.5000,-0.5000,-0.5000,0.5000,0.5000,0.5000,4.3700,0.0250,3.8100,7.3700,3.0250,6.8100
2.54,0.0050,1.5811,-3.9508,-5.3498,1.5250,5.3099,10.6975,1.0772,0.00,True,-1.2482,-1.7100,-1.6844,1.2209,1.5917,3.1981,-0.5000,-0.5000,-0.5000,0.5000,0.5000,0.5000,-6.8498,0.0250,3.8098,-3.8499,3.0250,6.8099
2.64,0.0136,1.5790,-3.8420,5.8700,1.5250,5.3100,10.8655,1.0918,0.00,True,-1.2591,-1.7104,-1.7618,1.2247,1.6008,3.1772,-0.5000,-0.5000,-0.5000,0.5000,0.5000,0.5000,4.3700,0.0250,3.8100,7.3700,3.0250,6.8100
2.64,0.0136,1.5790,-3.8420,-5.3498,1.5250,5.3099,10.6078,1.0918,0.00,True,-1.2591,-1.7104,-1.7618,1.2247,1.6008,3.1772,-0.5000,-0.5000,-0.5000,0.5000,0.5000,0.5000,-6.8498,0.0250,3.8098,-3.8499,3.0250,6.8099
2.74,0.0210,1.5741,-3.7311,5.8700,1.5250,5.3100,10.7683,1.1123,0.00,True,-1.2767,-1.7116,-1.7986,1.2363,1.6014,3.1672,-0.5000,-0.5000,-0.5000,0.5000,0.5000,0.5000,4.3700,0.0250,3.8100,7.3700,3.0250,6.8100
2.74,0.0210,1.5741,-3.7311,-5.3498,1.5250,5.3099,10.5161,1.1123,0.00,True,-1.2767,-1.7116,-1.7986,1.2363,1.6014,3.1672,-0.5000,-0.5000,-0.5000,0.5000,0.5000,0.5000,-6.8498,0.0250,3.8098,-3.8499,3.0250,6.8099
2.84,0.0229,1.5696,-3.6126,5.8700,1.5250,5.3100,10.6679,1.1865,0.00,True,-1.2985,-1.7150,-1.8295,1.2557,1.5955,3.1797,-0.5000,-0.5000,-0.5000,0.5000,0.5000,0.5000,4.3700,0.0250,3.8100,7.3700,3.0250,6.8100
2.84,0.0229,1.5696,-3.6126,-5.3498,1.5250,5.3099,10.4153,1.1865,0.00,True,-1.2985,-1.7150,-1.8295,1.2557,1.5955,3.1797,-0.5000,-0.5000,-0.5000,0.5000,0.5000,0.5000,-6.8498,0.0250,3.8098,-3.8499,3.0250,6.8099
2.94,0.0240,1.5655,-3.4810,5.8700,1.5250,5.3100,10.5574,1.3164,0.00,True,-1.3060,-1.7134,-1.8664,1.2693,1.5839,3.2015,-0.5000,-0.5000,-0.5000,0.5000,0.5000,0.5000,4.3700,0.0250,3.8100,7.3700,3.0250,6.8100
2.94,0.0240,1.5655,-3.4810,-5.3498,1.5250,5.3099,10.3033,1.3164,0.00,True,-1.3060,-1.7134,-1.8664,1.2693,1.5839,3.2015,-0.5000,-0.5000,-0.5000,0.5000,0.5000,0.5000,-6.8498,0.0250,3.8098,-3.8499,3.0250,6.8099
3.05,0.0239,1.5726,-3.3502,5.8700,1.5250,5.3100,10.4489,1.3098,0.00,True,-1.2998,-1.7082,-1.8458,1.2754,1.5764,3.2275,-0.5000,-0.5000,-0.5000,0.5000,0.5000,0.5000,4.3700,0.0250,3.8100,7.3700,3.0250,6.8100
3.05,0.0239,1.5726,-3.3502,-5.3498,1.5250,5.3099,10.1920,1.3098,0.00,True,-1.2998,-1.7082,-1.8458,1.2754,1.5764,3.2275,-0.5000,-0.5000,-0.5000,0.5000,0.5000,0.5000,-6.8498,0.0250,3.8098,-3.8499,3.0250,6.8099
3.15,0.0227,1.5733,-3.2272,5.8700,1.5250,5.3100,10.3478,1.2300,0.00,True,-1.2819,-1.7094,-1.7932,1.2701,1.5642,3.2442,-0.5000,-0.5000,-0.5000,0.5000,0.5000,0.5000,4.3700,0.0250,3.8100,7.3700,3.0250,6.8100
3.15,0.0227,1.5733,-3.2272,-5.3498,1.5250,5.3099,10.0870,1.2300,0.00,True,-1.2819,-1.7094,-1.7932,1.2701,1.5642,3.2442,-0.5000,-0.5000,-0.5000,0.5000,0.5000,0.5000,-6.8498,0.0250,3.8098,-3.8499,3.0250,6.8099
3.25,0.0190,1.5728,-3.0975,5.8700,1.5250,5.3100,10.2432,1.2972,0.00,True,-1.2602,-1.7111,-1.8700,1.2588,1.5558,3.2517,-0.5000,-0.5000,-0.5000,0.5000,0.5000,0.5000,4.3700,0.0250,3.8100,7.3700,3.0250,6.8100
3.25,0.0190,1.5728,-3.0975,-5.3498,1.5250,5.3099,9.9755,1.2972,0.00,True,-1.2602,-1.7111,-1.8700,1.2588,1.5558,3.2517,-0.5000,-0.5000,-0.5000,0.5000,0.5000,0.5000,-6.8498,0.0250,3.8098,-3.8499,3.0250,6.8099
3.35,0.0133,1.5752,-2.9765,5.8700,1.5250,5.3100,10.1474,1.2120,0.00,True,-1.2441,-1.7099,-1.8570,1.2509,1.5598,3.2476,-0.5000,-0.5000,-0.5000,0.5000,0.5000,0.5000,4.3700,0.0250,3.8100,7.3700,3.0250,6.8100
3.35,0.0133,1.5752,-2.9765,-5.3498,1.5250,5.3099,9.8706,1.2120,0.00,True,-1.2441,-1.7099,-1.8570,1.2509,1.5598,3.2476,-0.5000,-0.5000,-0.5000,0.5000,0.5000,0.5000,-6.8498,0.0250,3.8098,-3.8499,3.0250,6.8099
3.45,0.0055,1.5769,-2.8653,5.8700,1.5250,5.3100,10.0614,1.1148,0.00,True,-1.2309,-1.7230,-1.8101,1.2445,1.5704,3.2325,-0.5000,-0.5000,-0.5000,0.5000,0.5000,0.5000,4.3700,0.0250,3.8100,7.3700,3.0250,6.8100
3.45,0.0055,1.5769,-2.8653,-5.3498,1.5250,5.3099,9.7732,1.1148,0.00,True,-1.2309,-1.7230,-1.8101,1.2445,1.5704,3.2325,-0.5000,-0.5000,-0.5000,0.5000,0.5000,0.5000,-6.8498,0.0250,3.8098,-3.8499,3.0250,6.8099
3.55,-0.0042,1.5788,-2.7539,5.8700,1.5250,5.3100,9.9768,1.1182,0.00,True,-1.2238,-1.7212,-1.7392,1.2438,1.5846,3.2105,-0.5000,-0.5000,-0.5000,0.5000,0.5000,0.5000,4.3700,0.0250,3.8100,7.3700,3.0250,6.8100
3.55,-0.0042,1.5788,-2.7539,-5.3498,1.5250,5.3099,9.6749,1.1182,0.00,True,-1.2238,-1.7212,-1.7392,1.2438,1.5846,3.2105,-0.5000,-0.5000,-0.5000,0.5000,0.5000,0.5000,-6.8498,0.0250,3.8098,-3.8499,3.0250,6.8099
3.65,-0.0129,1.5794,-2.6461,5.8700,1.5250,5.3100,9.8951,1.0814,0.00,True,-1.2246,-1.7076,-1.6813,1.2523,1.5968,3.1884,-0.5000,-0.5000,-0.5000,0.5000,0.5000,0.5000,4.3700,0.0250,3.8100,7.3700,3.0250,6.8100
3.65,-0.0129,1.5794,-2.6461,-5.3498,1.5250,5.3099,9.5804,1.0814,0.00,True,-1.2246,-1.7076,-1.6813,1.2523,1.5968,3.1884,-0.5000,-0.5000,-0.5000,0.5000,0.5000,0.5000,-6.8498,0.0250,3.8098,-3.8499,3.0250,6.8099
3.75,-0.0183,1.5776,-2.5400,5.8700,1.5250,5.3100,9.8131,1.0628,0.00,True,-1.2298,-1.7085,-1.7681,1.2666,1.6025,3.1726,-0.5000,-0.5000,-0.5000,0.5000,0.5000,0.5000,4.3700,0.0250,3.8100,7.3700,3.0250,6.8100
3.75,-0.0183,1.5776,-2.5400,-5.3498,1.5250,5.3099,9.4894,1.0628,0.00,True,-1.2298,-1.7085,-1.7681,1.2666,1.6025,3.1726,-0.5000,-0.5000,-0.5000,0.5000,0.5000,0.5000,-6.8498,0.0250,3.8098,-3.8499,3.0250,6.8099
3.85,-0.0213,1.5765,-2.4275,5.8700,1.5250,5.3100,9.7252,1.1257,0.00,True,-1.2406,-1.7096,-1.8303,1.2828,1.6034,3.1722,-0.5000,-0.5000,-0.5000,0.5000,0.5000,0.5000,4.3700,0.0250,3.8100,7.3700,3.0250,6.8100
3.85,-0.0213,1.5765,-2.4275,-5.3498,1.5250,5.3099,9.3948,1.1257,0.00,True,-1.2406,-1.7096,-1.8303,1.2828,1.6034,3.1722,-0.5000,-0.5000,-0.5000,0.5000,0.5000,0.5000,-6.8498,0.0250,3.8098,-3.8499,3.0250,6.8099
3.96,-0.0238,1.5691,-2.2984,5.8700,1.5250,5.3100,9.6243,1.2932,0.00,True,-1.2593,-1.7155,-1.8647,1.2998,1.5931,3.1881,-0.5000,-0.5000,-0.5000,0.5000,0.5000,0.5000,4.3700,0.0250,3.8100,7.3700,3.0250,6.8100
3.96,-0.0238,1.5691,-2.2984,-5.3498,1.5250,5.3099,9.2873,1.2932,0.00,True,-1.2593,-1.7155,-1.8647,1.2998,1.5931,3.1881,-0.5000,-0.5000,-0.5000,0.5000,0.5000,0.5000,-6.8498,0.0250,3.8098,-3.8499,3.0250,6.8099
4.06,-0.0239,1.5708,-2.1700,5.8700,1.5250,5.3100,9.5232,1.2840,0.00,True,-1.2733,-1.7090,-1.8666,1.3047,1.5824,3.2128,-0.5000,-0.5000,-0.5000,0.5000,0.5000,0.5000,4.3700,0.0250,3.8100,7.3700,3.0250,6.8100
4.06,-0.0239,1.5708,-2.1700,-5.3498,1.5250,5.3099,9.1824,1.2840,0.00,True,-1.2733,-1.7090,-1.8666,1.3047,1.5824,3.2128,-0.5000,-0.5000,-0.5000,0.5000,0.5000,0.5000,-6.8498,0.0250,3.8098,-3.8499,3.0250,6.8099
4.16,-0.0239,1.5736,-2.0436,5.8700,1.5250,5.3100,9.4242,1.2642,0.00,True,-1.2736,-1.7083,-1.7980,1.2925,1.5697,3.2346,-0.5000,-0.5000,-0.5000,0.5000,0.5000,0.5000,4.3700,0.0250,3.8100,7.3700,3.0250,6.8100
4.16,-0.0239,1.5736,-2.0436,-5.3498,1.5250,5.3099,9.0798,1.2642,0.00,True,-1.2736,-1.7083,-1.7980,1.2925,1.5697,3.2346,-0.5000,-0.5000,-0.5000,0.5000,0.5000,0.5000,-6.8498,0.0250,3.8098,-3.8499,3.0250,6.8099
4.26,-0.0212,1.5748,-1.9132,5.8700,1.5250,5.3100,9.3212,1.3041,0.00,True,-1.2640,-1.7104,-1.8446,1.2707,1.5586,3.2493,-0.5000,-0.5000,-0.5000,0.5000,0.5000,0.5000,4.3700,0.0250,3.8100,7.3700,3.0250,6.8100
4.26,-0.0212,1.5748,-1.9132,-5.3498,1.5250,5.3099,8.9761,1.3041,0.00,True,-1.2640,-1.7104,-1.8446,1.2707,1.5586,3.2493,-0.5000,-0.5000,-0.5000,0.5000,0.5000,0.5000,-6.8498,0.0250,3.8098,-3.8499,3.0250,6.8099
4.36,-0.0165,1.5797,-1.7895,5.8700,1.5250,5.3100,9.2226,1.2394,0.00,True,-1.2548,-1.7101,-1.8701,1.2522,1.5596,3.2535,-0.5000,-0.5000,-0.5000,0.5000,0.5000,0.5000,4.3700,0.0250,3.8100,7.3700,3.0250,6.8100
4.36,-0.0165,1.5797,-1.7895,-5.3498,1.5250,5.3099,8.8796,1.2394,0.00,True,-1.2548,-1.7101,-1.8701,1.2522,1.5596,3.2535,-0.5000,-0.5000,-0.5000,0.5000,0.5000,0.5000,-6.8498,0.0250,3.8098,-3.8499,3.0250,6.8099
4.46,-0.0090,1.5804,-1.6753,5.8700,1.5250,5.3100,9.1302,1.1444,0.00,True,-1.2473,-1.7169,-1.8315,1.2375,1.5662,3.2423,-0.5000,-0.5000,-0.5000,0.5000,0.5000,0.5000,4.3700,0.0250,3.8100,7.3700,3.0250,6.8100
4.46,-0.0090,1.5804,-1.6753,-5.3498,1.5250,5.3099,8.7932,1.1444,0.00,True,-1.2473,-1.7169,-1.8315,1.2375,1.5662,3.2423,-0.5000,-0.5000,-0.5000,0.5000,0.5000,0.5000,-6.8498,0.0250,3.8098,-3.8499,3.0250,6.8099
4.56,-0.0023,1.5814,-1.5643,5.8700,1.5250,5.3100,9.0412,1.1117,0.00,True,-1.2437,-1.7253,-1.7630,1.2258,1.5784,3.2226,-0.5000,-0.5000,-0.5000,0.5000,0.5000,0.5000,4.3700,0.0250,3.8100,7.3700,3.0250,6.8100
4.56,-0.0023,1.5814,-1.5643,-5.3498,1.5250,5.3099,8.7094,1.1117,0.00,True,-1.2437,-1.7253,-1.7630,1.2258,1.5784,3.2226,-0.5000,-0.5000,-0.5000,0.5000,0.5000,0.5000,-6.8498,0.0250,3.8098,-3.8499,3.0250,6.8099
4.67,0.0046,1.5811,-1.4565,5.8700,1.5250,5.3100,8.9550,1.0805,0.00,True,-1.2478,-1.7100,-1.6879,1.2209,1.5911,3.1993,-0.5000,-0.5000,-0.5000,0.5000,0.5000,0.5000,4.3700,0.0250,3.8100,7.3700,3.0250,6.8100
4.67,0.0046,1.5811,-1.4565,-5.3498,1.5250,5.3099,8.6288,1.0805,0.00,True,-1.2478,-1.7100,-1.6879,1.2209,1.5911,3.1993,-0.5000,-0.5000,-0.5000,0.5000,0.5000,0.5000,-6.8498,0.0250,3.8098,-3.8499,3.0250,6.8099
4.77,0.0131,1.5791,-1.3483,5.8700,1.5250,5.3100,8.8679,1.0855,0.00,True,-1.2584,-1.7103,-1.7573,1.2243,1.6004,3.1782,-0.5000,-0.5000,-0.5000,0.5000,0.5000,0.5000,4.3700,0.0250,3.8100,7.3700,3.0250,6.8100
4.77,0.0131,1.5791,-1.3483,-5.3498,1.5250,5.3099,8.5496,1.0855,0.00,True,-1.2584,-1.7103,-1.7573,1.2243,1.6004,3.1782,-0.5000,-0.5000,-0.5000,0.5000,0.5000,0.5000,-6.8498,0.0250,3.8098,-3.8499,3.0250,6.8099
4.87,0.0191,1.5741,-1.2369,5.8700,1.5250,5.3100,8.7806,1.1163,0.00,True,-1.2759,-1.7116,-1.7986,1.2343,1.6015,3.1676,-0.5000,-0.5000,-0.5000,0.5000,0.5000,0.5000,4.3700,0.0250,3.8100,7.3700,3.0250,6.8100
4.87,0.0191,1.5741,-1.2369,-5.3498,1.5250,5.3099,8.4669,1.1163,0.00,True,-1.2759,-1.7116,-1.7986,1.2343,1.6015,3.1676,-0.5000,-0.5000,-0.5000,0.5000,0.5000,0.5000,-6.8498,0.0250,3.8098,-3.8499,3.0250,6.8099
4.97,-0.0016,1.5697,-1.1188,5.8700,1.5250,5.3100,8.7067,1.2003,0.00,True,-1.3058,-1.7147,-1.8272,1.2452,1.5957,3.1874,-0.5000,-0.5000,-0.5000,0.5000,0.5000,0.5000,4.3700,0.0250,3.8100,7.3700,3.0250,6.8100
4.97,-0.0016,1.5697,-1.1188,-5.3498,1.5250,5.3099,8.3626,1.2003,0.00,True,-1.3058,-1.7147,-1.8272,1.2452,1.5957,3.1874,-0.5000,-0.5000,-0.5000,0.5000,0.5000,0.5000,-6.8498,0.0250,3.8098,-3.8499,3.0250,6.8099
5.07,-0.0261,1.5653,-0.9883,5.8700,1.5250,5.3100,8.6276,1.3286,0.00,True,-1.3201,-1.7139,-1.8659,1.2502,1.5842,3.2147,-0.5000,-0.5000,-0.5000,0.5000,0.5000,0.5000,4.3700,0.0250,3.8100,7.3700,3.0250,6.8100
5.07,-0.0261,1.5653,-0.9883,-5.3498,1.5250,5.3099,8.2468,1.3286,0.00,True,-1.3201,-1.7139,-1.8659,1.2502,1.5842,3.2147,-0.5000,-0.5000,-0.5000,0.5000,0.5000,0.5000,-6.8498,0.0250,3.8098,-3.8499,3.0250,6.8099
5.17,-0.0543,1.5714,-0.8598,5.8700,1.5250,5.3100,8.5537,1.3165,0.00,True,-1.3201,-1.7115,-1.8503,1.2475,1.5765,3.2432,-0.5000,-0.5000,-0.5000,0.5000,0.5000,0.5000,4.3700,0.0250,3.8100,7.3700,3.0250,6.8100
5.17,-0.0543,1.5714,-0.8598,-5.3498,1.5250,5.3099,8.1308,1.3165,0.00,True,-1.3201,-1.7115,-1.8503,1.2475,1.5765,3.2432,-0.5000,-0.5000,-0.5000,0.5000,0.5000,0.5000,-6.8498,0.0250,3.8098,-3.8499,3.0250,6.8099
5.28,-0.0863,1.5719,-0.7325,5.8700,1.5250,5.3100,8.4848,1.3133,0.00,True,-1.3074,-1.7111,-1.7913,1.2312,1.5639,3.2613,-0.5000,-0.5000,-0.5000,0.5000,0.5000,0.5000,4.3700,0.0250,3.8100,7.3700,3.0250,6.8100
5.28,-0.0863,1.5719,-0.7325,-5.3498,1.5250,5.3099,8.0135,1.3133,0.00,True,-1.3074,-1.7111,-1.7913,1.2312,1.5639,3.2613,-0.5000,-0.5000,-0.5000,0.5000,0.5000,0.5000,-6.8498,0.0250,3.8098,-3.8499,3.0250,6.8099
5.38,-0.1235,1.5712,-0.6073,5.8700,1.5250,5.3100,8.4225,1.3057,0.00,True,-1.2926,-1.7253,-1.8691,1.2066,1.5557,3.2675,-0.5000,-0.5000,-0.5000,0.5000,0.5000,0.5000,4.3700,0.0250,3.8100,7.3700,3.0250,6.8100
5.38,-0.1235,1.5712,-0.6073,-5.3498,1.5250,5.3099,7.8949,1.3057,0.00,True,-1.2926,-1.7253,-1.8691,1.2066,1.5557,3.2675,-0.5000,-0.5000,-0.5000,0.5000,0.5000,0.5000,-6.8498,0.0250,3.8098,-3.8499,3.0250,6.8099
5.48,-0.1647,1.5733,-0.4890,5.8700,1.5250,5.3100,8.3695,1.2528,0.00,True,-1.2831,-1.7255,-1.8582,1.1840,1.5594,3.2597,-0.5000,-0.5000,-0.5000,0.5000,0.5000,0.5000,4.3700,0.0250,3.8100,7.3700,3.0250,6.8100
5.48,-0.1647,1.5733,-0.4890,-5.3498,1.5250,5.3099,7.7792,1.2528,0.00,True,-1.2831,-1.7255,-1.8582,1.1840,1.5594,3.2597,-0.5000,-0.5000,-0.5000,0.5000,0.5000,0.5000,-6.8498,0.0250,3.8098,-3.8499,3.0250,6.8099
5.58,-0.2103,1.5746,-0.3805,5.8700,1.5250,5.3100,8.3280,1.1771,0.00,True,-1.2761,-1.7290,-1.8102,1.1623,1.5705,3.2361,-0.5000,-0.5000,-0.5000,0.5000,0.5000,0.5000,4.3700,0.0250,3.8100,7.3700,3.0250,6.8100
5.58,-0.2103,1.5746,-0.3805,-5.3498,1.5250,5.3099,7.6680,1.1771,0.00,True,-1.2761,-1.7290,-1.8102,1.1623,1.5705,3.2361,-0.5000,-0.5000,-0.5000,0.5000,0.5000,0.5000,-6.8498,0.0250,3.8098,-3.8499,3.0250,6.8099
5.68,-0.2595,1.5753,-0.2792,5.8700,1.5250,5.3100,8.2953,1.1265,0.00,True,-1.2746,-1.7272,-1.7402,1.1466,1.5842,3.2030,-0.5000,-0.5000,-0.5000,0.5000,0.5000,0.5000,4.3700,0.0250,3.8100,7.3700,3.0250,6.8100
5.68,-0.2595,1.5753,-0.2792,-5.3498,1.5250,5.3099,7.5599,1.1265,0.00,True,-1.2746,-1.7272,-1.7402,1.1466,1.5842,3.2030,-0.5000,-0.5000,-0.5000,0.5000,0.5000,0.5000,-6.8498,0.0250,3.8098,-3.8499,3.0250,6.8099
5.79,-0.3107,1.5749,-0.1814,5.8700,1.5250,5.3100,8.2680,1.1035,0.00,True,-1.2788,-1.7220,-1.6812,1.1405,1.5960,3.1685,-0.5000,-0.5000,-0.5000,0.5000,0.5000,0.5000,4.3700,0.0250,3.8100,7.3700,3.0250,6.8100
5.79,-0.3107,1.5749,-0.1814,-5.3498,1.5250,5.3099,7.4532,1.1035,0.00,True,-1.2788,-1.7220,-1.6812,1.1405,1.5960,3.1685,-0.5000,-0.5000,-0.5000,0.5000,0.5000,0.5000,-6.8498,0.0250,3.8098,-3.8499,3.0250,6.8099
5.89,-0.3648,1.5746,-0.0795,5.8700,1.5250,5.3100,8.2414,1.1540,0.00,True,-1.2862,-1.7203,-1.7700,1.1395,1.6023,3.1431,-0.5000,-0.5000,-0.5000,0.5000,0.5000,0.5000,4.3700,0.0250,3.8100,7.3700,3.0250,6.8100
5.89,-0.3648,1.5746,-0.0795,-5.3498,1.5250,5.3099,7.3415,1.1540,0.00,True,-1.2862,-1.7203,-1.7700,1.1395,1.6023,3.1431,-0.5000,-0.5000,-0.5000,0.5000,0.5000,0.5000,-6.8498,0.0250,3.8098,-3.8499,3.0250,6.8099
5.99,-0.4193,1.5737,0.0273,5.8700,1.5250,5.3100,8.2137,1.1992,0.00,True,-1.2964,-1.7175,-1.8341,1.1403,1.6017,3.1376,-0.5000,-0.5000,-0.5000,0.5000,0.5000,0.5000,4.3700,0.0250,3.8100,7.3700,3.0250,6.8100
5.99,-0.4193,1.5737,0.0273,-5.3498,1.5250,5.3099,7.2262,1.1992,0.00,True,-1.2964,-1.7175,-1.8341,1.1403,1.6017,3.1376,-0.5000,-0.5000,-0.5000,0.5000,0.5000,0.5000,-6.8498,0.0250,3.8098,-3.8499,3.0250,6.8099
6.09,-0.4766,1.5668,0.1421,5.8700,1.5250,5.3100,8.1846,1.2842,0.00,True,-1.3085,-1.7171,-1.8664,1.1418,1.5915,3.1468,-0.5000,-0.5000,-0.5000,0.5000,0.5000,0.5000,4.3700,0.0250,3.8100,7.3700,3.0250,6.8100
6.09,-0.4766,1.5668,0.1421,-5.3498,1.5250,5.3099,7.1033,1.2842,0.00,True,-1.3085,-1.7171,-1.8664,1.1418,1.5915,3.1468,-0.5000,-0.5000,-0.5000,0.5000,0.5000,0.5000,-6.8498,0.0250,3.8098,-3.8499,3.0250,6.8099
6.20,-0.5361,1.5683,0.2556,5.8700,1.5250,5.3100,8.1601,1.2816,0.00,True,-1.3152,-1.7150,-1.8679,1.1312,1.5814,3.1647,-0.5000,-0.5000,-0.5000,0.5000,0.5000,0.5000,4.3700,0.0250,3.8100,7.3700,3.0250,6.8100
6.20,-0.5361,1.5683,0.2556,-5.3498,1.5250,5.3099,6.9800,1.2816,0.00,True,-1.3152,-1.7150,-1.8679,1.1312,1.5814,3.1647,-0.5000,-0.5000,-0.5000,0.5000,0.5000,0.5000,-6.8498,0.0250,3.8098,-3.8499,3.0250,6.8099
6.30,-0.6058,1.5716,0.3826,5.8700,1.5250,5.3100,8.1375,1.4495,0.00,True,-1.3113,-1.7143,-1.7884,1.0965,1.5681,3.1811,-0.5000,-0.5000,-0.5000,0.5000,0.5000,0.5000,4.3700,0.0250,3.8100,7.3700,3.0250,6.8100
6.30,-0.6058,1.5716,0.3826,-5.3498,1.5250,5.3099,6.8400,1.4495,0.00,True,-1.3113,-1.7143,-1.7884,1.0965,1.5681,3.1811,-0.5000,-0.5000,-0.5000,0.5000,0.5000,0.5000,-6.8498,0.0250,3.8098,-3.8499,3.0250,6.8099
6.40,-0.6738,1.5725,0.5012,5.8700,1.5250,5.3100,8.1208,1.3672,0.00,True,-1.3011,-1.7202,-1.8476,1.0519,1.5575,3.1856,-0.5000,-0.5000,-0.5000,0.5000,0.5000,0.5000,4.3700,0.0250,3.8100,7.3700,3.0250,6.8100
6.40,-0.6738,1.5725,0.5012,-5.3498,1.5250,5.3099,6.7075,1.3672,0.00,True,-1.3011,-1.7202,-1.8476,1.0519,1.5575,3.1856,-0.5000,-0.5000,-0.5000,0.5000,0.5000,0.5000,-6.8498,0.0250,3.8098,-3.8499,3.0250,6.8099
6.50,-0.7424,1.5768,0.6133,5.8700,1.5250,5.3100,8.1108,1.3142,0.00,True,-1.3267,-1.7205,-1.8695,1.0114,1.5578,3.1803,-0.5000,-0.5000,-0.5000,0.5000,0.5000,0.5000,4.3700,0.0250,3.8100,7.3700,3.0250,6.8100
6.50,-0.7424,1.5768,0.6133,-5.3498,1.5250,5.3099,6.5795,1.3142,0.00,True,-1.3267,-1.7205,-1.8695,1.0114,1.5578,3.1803,-0.5000,-0.5000,-0.5000,0.5000,0.5000,0.5000,-6.8498,0.0250,3.8098,-3.8499,3.0250,6.8099
6.60,-0.8146,1.5805,0.7213,5.8700,1.5250,5.3100,8.1082,1.3001,0.00,True,-1.3637,-1.7199,-1.8234,0.9714,1.5655,3.1630,-0.5000,-0.5000,-0.5000,0.5000,0.5000,0.5000,4.3700,0.0250,3.8100,7.3700,3.0250,6.8100
6.60,-0.8146,1.5805,0.7213,-5.3498,1.5250,5.3099,6.4519,1.3001,0.00,True,-1.3637,-1.7199,-1.8234,0.9714,1.5655,3.1630,-0.5000,-0.5000,-0.5000,0.5000,0.5000,0.5000,-6.8498,0.0250,3.8098,-3.8499,3.0250,6.8099
6.71,-0.8862,1.5760,0.8244,5.8700,1.5250,5.3100,8.1098,1.2566,0.00,True,-1.3917,-1.7283,-1.7431,0.9340,1.5713,3.1335,-0.5000,-0.5000,-0.5000,0.5000,0.5000,0.5000,4.3700,0.0250,3.8100,7.3700,3.0250,6.8100
6.71,-0.8862,1.5760,0.8244,-5.3498,1.5250,5.3099,6.3282,1.2566,0.00,True,-1.3917,-1.7283,-1.7431,0.9340,1.5713,3.1335,-0.5000,-0.5000,-0.5000,0.5000,0.5000,0.5000,-6.8498,0.0250,3.8098,-3.8499,3.0250,6.8099
6.81,-0.9596,1.5716,0.9250,5.8700,1.5250,5.3100,8.1163,1.2453,0.00,True,-1.4188,-1.7138,-1.6730,0.9039,1.5786,3.1005,-0.5000,-0.5000,-0.5000,0.5000,0.5000,0.5000,4.3700,0.0250,3.8100,7.3700,3.0250,6.8100
6.81,-0.9596,1.5716,0.9250,-5.3498,1.5250,5.3099,6.2051,1.2453,0.00,True,-1.4188,-1.7138,-1.6730,0.9039,1.5786,3.1005,-0.5000,-0.5000,-0.5000,0.5000,0.5000,0.5000,-6.8498,0.0250,3.8098,-3.8499,3.0250,6.8099
6.91,-1.0362,1.5719,1.0269,5.8700,1.5250,5.3100,8.1266,1.2752,0.00,True,-1.4469,-1.7116,-1.7654,0.8810,1.5902,3.0695,-0.5000,-0.5000,-0.5000,0.5000,0.5000,0.5000,4.3700,0.0250,3.8100,7.3700,3.0250,6.8100
6.91,-1.0362,1.5719,1.0269,-5.3498,1.5250,5.3099,6.0789,1.2752,0.00,True,-1.4469,-1.7116,-1.7654,0.8810,1.5902,3.0695,-0.5000,-0.5000,-0.5000,0.5000,0.5000,0.5000,-6.8498,0.0250,3.8098,-3.8499,3.0250,6.8099
7.01,-1.1131,1.5738,1.1287,5.8700,1.5250,5.3100,8.1394,1.2757,0.00,True,-1.4726,-1.7112,-1.8018,0.8750,1.5986,3.0500,-0.5000,-0.5000,-0.5000,0.5000,0.5000,0.5000,4.3700,0.0250,3.8100,7.3700,3.0250,6.8100
7.01,-1.1131,1.5738,1.1287,-5.3498,1.5250,5.3099,5.9527,1.2757,0.00,True,-1.4726,-1.7112,-1.8018,0.8750,1.5986,3.0500,-0.5000,-0.5000,-0.5000,0.5000,0.5000,0.5000,-6.8498,0.0250,3.8098,-3.8499,3.0250,6.8099
7.11,-1.1879,1.5697,1.2170,5.8700,1.5250,5.3100,8.1590,1.1583,0.00,True,-1.5018,-1.7147,-1.8322,0.9082,1.5879,3.0609,-0.5000,-0.5000,-0.5000,0.5000,0.5000,0.5000,4.3700,0.0250,3.8100,7.3700,3.0250,6.8100
7.11,-1.1879,1.5697,1.2170,-5.3498,1.5250,5.3099,5.8374,1.1583,0.00,True,-1.5018,-1.7147,-1.8322,0.9082,1.5879,3.0609,-0.5000,-0.5000,-0.5000,0.5000,0.5000,0.5000,-6.8498,0.0250,3.8098,-3.8499,3.0250,6.8099
7.22,-1.2678,1.5715,1.3069,5.8700,1.5250,5.3100,8.1839,1.2028,0.00,True,-1.5309,-1.7119,-1.8690,0.9297,1.5827,3.0724,-0.5000,-0.5000,-0.5000,0.5000,0.5000,0.5000,4.3700,0.0250,3.8100,7.3700,3.0250,6.8100
7.22,-1.2678,1.5715,1.3069,-5.3498,1.5250,5.3099,5.7174,1.2028,0.00,True,-1.5309,-1.7119,-1.8690,0.9297,1.5827,3.0724,-0.5000,-0.5000,-0.5000,0.5000,0.5000,0.5000,-6.8498,0.0250,3.8098,-3.8499,3.0250,6.8099
7.32,-1.3540,1.5733,1.3968,5.8700,1.5250,5.3100,8.2159,1.2456,0.00,True,-1.5565,-1.7101,-1.8398,0.9378,1.5723,3.0816,-0.5000,-0.5000,-0.5000,0.5000,0.5000,0.5000,4.3700,0.0250,3.8100,7.3700,3.0250,6.8100
7.32,-1.3540,1.5733,1.3968,-5.3498,1.5250,5.3099,5.5929,1.2456,0.00,True,-1.5565,-1.7101,-1.8398,0.9378,1.5723,3.0816,-0.5000,-0.5000,-0.5000,0.5000,0.5000,0.5000,-6.8498,0.0250,3.8098,-3.8499,3.0250,6.8099
7.42,-1.4399,1.5729,1.4803,5.8700,1.5250,5.3100,8.2525,1.1978,0.00,True,-1.5741,-1.7107,-1.8061,0.9276,1.5611,3.0854,-0.5000,-0.5000,-0.5000,0.5000,0.5000,0.5000,4.3700,0.0250,3.8100,7.3700,3.0250,6.8100
7.42,-1.4399,1.5729,1.4803,-5.3498,1.5250,5.3099,5.4732,1.1978,0.00,True,-1.5741,-1.7107,-1.8061,0.9276,1.5611,3.0854,-0.5000,-0.5000,-0.5000,0.5000,0.5000,0.5000,-6.8498,0.0250,3.8098,-3.8499,3.0250,6.8099
7.53,-1.5325,1.5737,1.5618,5.8700,1.5250,5.3100,8.2975,1.2337,0.00,True,-1.5842,-1.7107,-1.8716,0.9102,1.5560,3.0857,-0.5000,-0.5000,-0.5000,0.5000,0.5000,0.5000,4.3700,0.0250,3.8100,7.3700,3.0250,6.8100
7.53,-1.5325,1.5737,1.5618,-5.3498,1.5250,5.3099,5.3500,1.2337,0.00,True,-1.5842,-1.7107,-1.8716,0.9102,1.5560,3.0857,-0.5000,-0.5000,-0.5000,0.5000,0.5000,0.5000,-6.8498,0.0250,3.8098,-3.8499,3.0250,6.8099
7.63,-1.6253,1.5761,1.6335,5.8700,1.5250,5.3100,8.3486,1.1731,0.00,True,-1.5882,-1.7142,-1.8534,0.8972,1.5619,3.0748,-0.5000,-0.5000,-0.5000,0.5000,0.5000,0.5000,4.3700,0.0250,3.8100,7.3700,3.0250,6.8100
7.63,-1.6253,1.5761,1.6335,-5.3498,1.5250,5.3099,5.2336,1.1731,0.00,True,-1.5882,-1.7142,-1.8534,0.8972,1.5619,3.0748,-0.5000,-0.5000,-0.5000,0.5000,0.5000,0.5000,-6.8498,0.0250,3.8098,-3.8499,3.0250,6.8099
7.73,-1.7156,1.5764,1.6929,5.8700,1.5250,5.3100,8.4040,1.0808,0.00,True,-1.5908,-1.7247,-1.8006,0.8884,1.5742,3.0476,-0.5000,-0.5000,-0.5000,0.5000,0.5000,0.5000,4.3700,0.0250,3.8100,7.3700,3.0250,6.8100
7.73,-1.7156,1.5764,1.6929,-5.3498,1.5250,5.3099,5.1276,1.0808,0.00,True,-1.5908,-1.7247,-1.8006,0.8884,1.5742,3.0476,-0.5000,-0.5000,-0.5000,0.5000,0.5000,0.5000,-6.8498,0.0250,3.8098,-3.8499,3.0250,6.8099
7.83,-1.8059,1.5746,1.7454,5.8700,1.5250,5.3100,8.4633,1.0444,0.00,True,-1.5925,-1.7188,-1.7268,0.8896,1.5870,3.0123,-0.5000,-0.5000,-0.5000,0.5000,0.5000,0.5000,4.3700,0.0250,3.8100,7.3700,3.0250,6.8100
7.83,-1.8059,1.5746,1.7454,-5.3498,1.5250,5.3099,5.0267,1.0444,0.00,True,-1.5925,-1.7188,-1.7268,0.8896,1.5870,3.0123,-0.5000,-0.5000,-0.5000,0.5000,0.5000,0.5000,-6.8498,0.0250,3.8098,-3.8499,3.0250,6.8099
7.94,-1.8984,1.5734,1.7948,5.8700,1.5250,5.3100,8.5269,1.0490,0.00,True,-1.5956,-1.7102,-1.6829,0.9013,1.5975,2.9815,-0.5000,-0.5000,-0.5000,0.5000,0.5000,0.5000,4.3700,0.0250,3.8100,7.3700,3.0250,6.8100
7.94,-1.8984,1.5734,1.7948,-5.3498,1.5250,5.3099,4.9265,1.0490,0.00,True,-1.5956,-1.7102,-1.6829,0.9013,1.5975,2.9815,-0.5000,-0.5000,-0.5000,0.5000,0.5000,0.5000,-6.8498,0.0250,3.8098,-3.8499,3.0250,6.8099
8.04,-1.9954,1.5755,1.8458,5.8700,1.5250,5.3100,8.5946,1.0963,0.00,True,-1.6005,-1.7087,-1.7834,0.9169,1.6030,2.9698,-0.5000,-0.5000,-0.5000,0.5000,0.5000,0.5000,4.3700,0.0250,3.8100,7.3700,3.0250,6.8100
8.04,-1.9954,1.5755,1.8458,-5.3498,1.5250,5.3099,4.8223,1.0963,0.00,True,-1.6005,-1.7087,-1.7834,0.9169,1.6030,2.9698,-0.5000,-0.5000,-0.5000,0.5000,0.5000,0.5000,-6.8498,0.0250,3.8098,-3.8499,3.0250,6.8099
8.14,-2.0964,1.5736,1.9017,5.8700,1.5250,5.3100,8.6650,1.1544,0.00,True,-1.6025,-1.7096,-1.8408,0.9354,1.5996,2.9787,-0.5000,-0.5000,-0.5000,0.5000,0.5000,0.5000,4.3700,0.0250,3.8100,7.3700,3.0250,6.8100
8.14,-2.0964,1.5736,1.9017,-5.3498,1.5250,5.3099,4.7120,1.1544,0.00,True,-1.6025,-1.7096,-1.8408,0.9354,1.5996,2.9787,-0.5000,-0.5000,-0.5000,0.5000,0.5000,0.5000,-6.8498,0.0250,3.8098,-3.8499,3.0250,6.8099
8.24,-2.2091,1.5680,1.9653,5.8700,1.5250,5.3100,8.7442,1.2957,0.00,True,-1.6022,-1.7136,-1.8708,0.9549,1.5893,3.0015,-0.5000,-0.5000,-0.5000,0.5000,0.5000,0.5000,4.3700,0.0250,3.8100,7.3700,3.0250,6.8100
8.24,-2.2091,1.5680,1.9653,-5.3498,1.5250,5.3099,4.5882,1.2957,0.00,True,-1.6022,-1.7136,-1.8708,0.9549,1.5893,3.0015,-0.5000,-0.5000,-0.5000,0.5000,0.5000,0.5000,-6.8498,0.0250,3.8098,-3.8499,3.0250,6.8099
8.35,-2.3278,1.5714,2.0284,5.8700,1.5250,5.3100,8.8304,1.3447,0.00,True,-1.6004,-1.7103,-1.8641,0.9601,1.5793,3.0346,-0.5000,-0.5000,-0.5000,0.5000,0.5000,0.5000,4.3700,0.0250,3.8100,7.3700,3.0250,6.8100
8.35,-2.3278,1.5714,2.0284,-5.3498,1.5250,5.3099,4.4612,1.3447,0.00,True,-1.6004,-1.7103,-1.8641,0.9601,1.5793,3.0346,-0.5000,-0.5000,-0.5000,0.5000,0.5000,0.5000,-6.8498,0.0250,3.8098,-3.8499,3.0250,6.8099
8.45,-2.4521,1.5729,2.0927,5.8700,1.5250,5.3100,8.9225,1.3987,0.00,True,-1.5943,-1.7107,-1.7651,0.9435,1.5658,3.0628,-0.5000,-0.5000,-0.5000,0.5000,0.5000,0.5000,4.3700,0.0250,3.8100,7.3700,3.0250,6.8100
8.45,-2.4521,1.5729,2.0927,-5.3498,1.5250,5.3099,4.3301,1.3987,0.00,True,-1.5943,-1.7107,-1.7651,0.9435,1.5658,3.0628,-0.5000,-0.5000,-0.5000,0.5000,0.5000,0.5000,-6.8498,0.0250,3.8098,-3.8499,3.0250,6.8099
8.55,-2.5758,1.5746,2.1535,5.8700,1.5250,5.3100,9.0165,1.3783,0.00,True,-1.5853,-1.7104,-1.8579,0.9186,1.5571,3.0812,-0.5000,-0.5000,-0.5000,0.5000,0.5000,0.5000,4.3700,0.0250,3.8100,7.3700,3.0250,6.8100
8.55,-2.5758,1.5746,2.1535,-5.3498,1.5250,5.3099,4.2025,1.3783,0.00,True,-1.5853,-1.7104,-1.8579,0.9186,1.5571,3.0812,-0.5000,-0.5000,-0.5000,0.5000,0.5000,0.5000,-6.8498,0.0250,3.8098,-3.8499,3.0250,6.8099
8.65,-2.6975,1.5788,2.2101,5.8700,1.5250,5.3100,9.1112,1.3434,0.00,True,-1.5721,-1.7108,-1.8647,0.9000,1.5586,3.0914,-0.5000,-0.5000,-0.5000,0.5000,0.5000,0.5000,4.3700,0.0250,3.8100,7.3700,3.0250,6.8100
8.65,-2.6975,1.5788,2.2101,-5.3498,1.5250,5.3099,4.0800,1.3434,0.00,True,-1.5721,-1.7108,-1.8647,0.9000,1.5586,3.0914,-0.5000,-0.5000,-0.5000,0.5000,0.5000,0.5000,-6.8498,0.0250,3.8098,-3.8499,3.0250,6.8099
8.76,-2.8187,1.5818,2.2627,5.8700,1.5250,5.3100,9.2077,1.3213,0.00,True,-1.5540,-1.7189,-1.8099,0.8818,1.5667,3.0911,-0.5000,-0.5000,-0.5000,0.5000,0.5000,0.5000,4.3700,0.0250,3.8100,7.3700,3.0250,6.8100
8.76,-2.8187,1.5818,2.2627,-5.3498,1.5250,5.3099,3.9617,1.3213,0.00,True,-1.5540,-1.7189,-1.8099,0.8818,1.5667,3.0911,-0.5000,-0.5000,-0.5000,0.5000,0.5000,0.5000,-6.8498,0.0250,3.8098,-3.8499,3.0250,6.8099
8.86,-2.9358,1.5753,2.3136,5.8700,1.5250,5.3100,9.3017,1.2784,0.00,True,-1.5268,-1.7261,-1.7249,0.8679,1.5713,3.0791,-0.5000,-0.5000,-0.5000,0.5000,0.5000,0.5000,4.3700,0.0250,3.8100,7.3700,3.0250,6.8100
8.86,-2.9358,1.5753,2.3136,-5.3498,1.5250,5.3099,3.8481,1.2784,0.00,True,-1.5268,-1.7261,-1.7249,0.8679,1.5713,3.0791,-0.5000,-0.5000,-0.5000,0.5000,0.5000,0.5000,-6.8498,0.0250,3.8098,-3.8499,3.0250,6.8099
8.96,-3.0535,1.5711,2.3625,5.8700,1.5250,5.3100,9.3978,1.2753,0.00,True,-1.5014,-1.7117,-1.6841,0.8623,1.5794,3.0651,-0.5000,-0.5000,-0.5000,0.5000,0.5000,0.5000,4.3700,0.0250,3.8100,7.3700,3.0250,6.8100
8.96,-3.0535,1.5711,2.3625,-5.3498,1.5250,5.3099,3.7366,1.2753,0.00,True,-1.5014,-1.7117,-1.6841,0.8623,1.5794,3.0651,-0.5000,-0.5000,-0.5000,0.5000,0.5000,0.5000,-6.8498,0.0250,3.8098,-3.8499,3.0250,6.8099
9.06,-3.1731,1.5724,2.4110,5.8700,1.5250,5.3100,9.4965,1.2905,0.00,True,-1.4787,-1.7116,-1.7766,0.8643,1.5923,3.0542,-0.5000,-0.5000,-0.5000,0.5000,0.5000,0.5000,4.3700,0.0250,3.8100,7.3700,3.0250,6.8100
9.06,-3.1731,1.5724,2.4110,-5.3498,1.5250,5.3099,3.6255,1.2905,0.00,True,-1.4787,-1.7116,-1.7766,0.8643,1.5923,3.0542,-0.5000,-0.5000,-0.5000,0.5000,0.5000,0.5000,-6.8498,0.0250,3.8098,-3.8499,3.0250,6.8099
9.16,-3.2900,1.5729,2.4485,5.8700,1.5250,5.3100,9.5966,1.2277,0.00,True,-1.4768,-1.7109,-1.8054,0.8806,1.5961,3.0515,-0.5000,-0.5000,-0.5000,0.5000,0.5000,0.5000,4.3700,0.0250,3.8100,7.3700,3.0250,6.8100
9.16,-3.2900,1.5729,2.4485,-5.3498,1.5250,5.3099,3.5260,1.2277,0.00,True,-1.4768,-1.7109,-1.8054,0.8806,1.5961,3.0515,-0.5000,-0.5000,-0.5000,0.5000,0.5000,0.5000,-6.8498,0.0250,3.8098,-3.8499,3.0250,6.8099
9.26,-3.4047,1.5697,2.4681,5.8700,1.5250,5.3100,9.7005,1.1647,0.00,True,-1.5060,-1.7152,-1.8379,0.9118,1.5871,3.0625,-0.5000,-0.5000,-0.5000,0.5000,0.5000,0.5000,4.3700,0.0250,3.8100,7.3700,3.0250,6.8100
9.26,-3.4047,1.5697,2.4681,-5.3498,1.5250,5.3099,3.4440,1.1647,0.00,True,-1.5060,-1.7152,-1.8379,0.9118,1.5871,3.0625,-0.5000,-0.5000,-0.5000,0.5000,0.5000,0.5000,-6.8498,0.0250,3.8098,-3.8499,3.0250,6.8099
9.36,-3.4620,1.5720,2.4289,5.8700,1.5250,5.3100,9.7667,0.6945,0.00,True,-1.5348,-1.7103,-1.8704,0.9318,1.5818,3.0740,-0.5000,-0.5000,-0.5000,0.5000,0.5000,0.5000,4.3700,0.0250,3.8100,7.3700,3.0250,6.8100
9.36,-3.4620,1.5720,2.4289,-5.3498,1.5250,5.3099,3.4447,0.6945,0.00,True,-1.5348,-1.7103,-1.8704,0.9318,1.5818,3.0740,-0.5000,-0.5000,-0.5000,0.5000,0.5000,0.5000,-6.8498,0.0250,3.8098,-3.8499,3.0250,6.8099
9.46,-3.4999,1.5732,2.3635,5.8700,1.5250,5.3100,9.8224,0.7558,0.00,True,-1.5584,-1.7101,-1.8313,0.9376,1.5712,3.0821,-0.5000,-0.5000,-0.5000,0.5000,0.5000,0.5000,4.3700,0.0250,3.8100,7.3700,3.0250,6.8100
9.46,-3.4999,1.5732,2.3635,-5.3498,1.5250,5.3099,3.4793,0.7558,0.00,True,-1.5584,-1.7101,-1.8313,0.9376,1.5712,3.0821,-0.5000,-0.5000,-0.5000,0.5000,0.5000,0.5000,-6.8498,0.0250,3.8098,-3.8499,3.0250,6.8099
9.57,-3.5431,1.5730,2.2931,5.8700,1.5250,5.3100,9.8849,0.8260,0.00,True,-1.5754,-1.7107,-1.8163,0.9260,1.5604,3.0856,-0.5000,-0.5000,-0.5000,0.5000,0.5000,0.5000,4.3700,0.0250,3.8100,7.3700,3.0250,6.8100
9.57,-3.5431,1.5730,2.2931,-5.3498,1.5250,5.3099,3.5167,0.8260,0.00,True,-1.5754,-1.7107,-1.8163,0.9260,1.5604,3.0856,-0.5000,-0.5000,-0.5000,0.5000,0.5000,0.5000,-6.8498,0.0250,3.8098,-3.8499,3.0250,6.8099
9.67,-3.5912,1.5740,2.2166,5.8700,1.5250,5.3100,9.9542,0.9036,0.00,True,-1.5846,-1.7107,-1.8723,0.9091,1.5561,3.0856,-0.5000,-0.5000,-0.5000,0.5000,0.5000,0.5000,4.3700,0.0250,3.8100,7.3700,3.0250,6.8100
9.67,-3.5912,1.5740,2.2166,-5.3498,1.5250,5.3099,3.5586,0.9036,0.00,True,-1.5846,-1.7107,-1.8723,0.9091,1.5561,3.0856,-0.5000,-0.5000,-0.5000,0.5000,0.5000,0.5000,-6.8498,0.0250,3.8098,-3.8499,3.0250,6.8099
9.77,-3.6388,1.5762,2.1320,5.8700,1.5250,5.3100,10.0260,0.9717,0.00,True,-1.5884,-1.7156,-1.8505,0.8963,1.5627,3.0732,-0.5000,-0.5000,-0.5000,0.5000,0.5000,0.5000,4.3700,0.0250,3.8100,7.3700,3.0250,6.8100
9.77,-3.6388,1.5762,2.1320,-5.3498,1.5250,5.3099,3.6096,0.9717,0.00,True,-1.5884,-1.7156,-1.8505,0.8963,1.5627,3.0732,-0.5000,-0.5000,-0.5000,0.5000,0.5000,0.5000,-6.8498,0.0250,3.8098,-3.8499,3.0250,6.8099
9.87,-3.6830,1.5764,2.0412,5.8700,1.5250,5.3100,10.0969,1.0092,0.00,True,-1.5909,-1.7259,-1.7955,0.8880,1.5752,3.0450,-0.5000,-0.5000,-0.5000,0.5000,0.5000,0.5000,4.3700,0.0250,3.8100,7.3700,3.0250,6.8100
9.87,-3.6830,1.5764,2.0412,-5.3498,1.5250,5.3099,3.6695,1.0092,0.00,True,-1.5909,-1.7259,-1.7955,0.8880,1.5752,3.0450,-0.5000,-0.5000,-0.5000,0.5000,0.5000,0.5000,-6.8498,0.0250,3.8098,-3.8499,3.0250,6.8099
9.97,-3.7276,1.5745,1.9489,5.8700,1.5250,5.3100,10.1693,1.0256,0.00,True,-1.5926,-1.7171,-1.7226,0.8900,1.5877,3.0104,-0.5000,-0.5000,-0.5000,0.5000,0.5000,0.5000,4.3700,0.0250,3.8100,7.3700,3.0250,6.8100
9.97,-3.7276,1.5745,1.9489,-5.3498,1.5250,5.3099,3.7323,1.0256,0.00,True,-1.5926,-1.7171,-1.7226,0.8900,1.5877,3.0104,-0.5000,-0.5000,-0.5000,0.5000,0.5000,0.5000,-6.8498,0.0250,3.8098,-3.8499,3.0250,6.8099
10.08,-3.7807,1.5734,1.8518,5.8700,1.5250,5.3100,10.2517,1.1068,0.00,True,-1.5959,-1.7101,-1.6907,0.9023,1.5981,2.9799,-0.5000,-0.5000,-0.5000,0.5000,0.5000,0.5000,4.3700,0.0250,3.8100,7.3700,3.0250,6.8100
10.08,-3.7807,1.5734,1.8518,-5.3498,1.5250,5.3099,3.7977,1.1068,0.00,True,-1.5959,-1.7101,-1.6907,0.9023,1.5981,2.9799,-0.5000,-0.5000,-0.5000,0.5000,0.5000,0.5000,-6.8498,0.0250,3.8098,-3.8499,3.0250,6.8099
10.18,-3.8441,1.5756,1.7598,5.8700,1.5250,5.3100,10.3426,1.1169,0.00,True,-1.6007,-1.7086,-1.7875,0.9178,1.6030,2.9699,-0.5000,-0.5000,-0.5000,0.5000,0.5000,0.5000,4.3700,0.0250,3.8100,7.3700,3.0250,6.8100
10.18,-3.8441,1.5756,1.7598,-5.3498,1.5250,5.3099,3.8565,1.1169,0.00,True,-1.6007,-1.7086,-1.7875,0.9178,1.6030,2.9699,-0.5000,-0.5000,-0.5000,0.5000,0.5000,0.5000,-6.8498,0.0250,3.8098,-3.8499,3.0250,6.8099
10.28,-3.9221,1.5732,1.6737,5.8700,1.5250,5.3100,10.4456,1.1620,0.00,True,-1.6025,-1.7099,-1.8425,0.9364,1.5992,2.9794,-0.5000,-0.5000,-0.5000,0.5000,0.5000,0.5000,4.3700,0.0250,3.8100,7.3700,3.0250,6.8100
10.28,-3.9221,1.5732,1.6737,-5.3498,1.5250,5.3099,3.9067,1.1620,0.00,True,-1.6025,-1.7099,-1.8425,0.9364,1.5992,2.9794,-0.5000,-0.5000,-0.5000,0.5000,0.5000,0.5000,-6.8498,0.0250,3.8098,-3.8499,3.0250,6.8099
10.39,-4.0281,1.5680,1.5831,5.8700,1.5250,5.3100,10.5766,1.3957,0.00,True,-1.6020,-1.7133,-1.8726,0.9566,1.5880,3.0051,-0.5000,-0.5000,-0.5000,0.5000,0.5000,0.5000,4.3700,0.0250,3.8100,7.3700,3.0250,6.8100
10.39,-4.0281,1.5680,1.5831,-5.3498,1.5250,5.3099,3.9544,1.3957,0.00,True,-1.6020,-1.7133,-1.8726,0.9566,1.5880,3.0051,-0.5000,-0.5000,-0.5000,0.5000,0.5000,0.5000,-6.8498,0.0250,3.8098,-3.8499,3.0250,6.8099
10.49,-4.1322,1.5717,1.5052,5.8700,1.5250,5.3100,10.7016,1.3014,0.00,True,-1.6001,-1.7102,-1.8620,0.9595,1.5786,3.0368,-0.5000,-0.5000,-0.5000,0.5000,0.5000,0.5000,4.3700,0.0250,3.8100,7.3700,3.0250,6.8100
10.49,-4.1322,1.5717,1.5052,-5.3498,1.5250,5.3099,3.9950,1.3014,0.00,True,-1.6001,-1.7102,-1.8620,0.9595,1.5786,3.0368,-0.5000,-0.5000,-0.5000,0.5000,0.5000,0.5000,-6.8498,0.0250,3.8098,-3.8499,3.0250,6.8099
10.59,-4.2505,1.5729,1.4309,5.8700,1.5250,5.3100,10.8386,1.3968,0.00,True,-1.5940,-1.7107,-1.7605,0.9425,1.5652,3.0637,-0.5000,-0.5000,-0.5000,0.5000,0.5000,0.5000,4.3700,0.0250,3.8100,7.3700,3.0250,6.8100
10.59,-4.2505,1.5729,1.4309,-5.3498,1.5250,5.3099,4.0321,1.3968,0.00,True,-1.5940,-1.7107,-1.7605,0.9425,1.5652,3.0637,-0.5000,-0.5000,-0.5000,0.5000,0.5000,0.5000,-6.8498,0.0250,3.8098,-3.8499,3.0250,6.8099
10.69,-4.3755,1.5749,1.3639,5.8700,1.5250,5.3100,10.9793,1.4178,0.00,True,-1.5848,-1.7104,-1.8603,0.9176,1.5571,3.0819,-0.5000,-0.5000,-0.5000,0.5000,0.5000,0.5000,4.3700,0.0250,3.8100,7.3700,3.0250,6.8100
10.69,-4.3755,1.5749,1.3639,-5.3498,1.5250,5.3099,4.0648,1.4178,0.00,True,-1.5848,-1.7104,-1.8603,0.9176,1.5571,3.0819,-0.5000,-0.5000,-0.5000,0.5000,0.5000,0.5000,-6.8498,0.0250,3.8098,-3.8499,3.0250,6.8099
10.79,-4.5019,1.5791,1.3064,5.8700,1.5250,5.3100,11.1180,1.3899,0.00,True,-1.5713,-1.7108,-1.8628,0.8991,1.5590,3.0917,-0.5000,-0.5000,-0.5000,0.5000,0.5000,0.5000,4.3700,0.0250,3.8100,7.3700,3.0250,6.8100
10.79,-4.5019,1.5791,1.3064,-5.3498,1.5250,5.3099,4.0926,1.3899,0.00,True,-1.5713,-1.7108,-1.8628,0.8991,1.5590,3.0917,-0.5000,-0.5000,-0.5000,0.5000,0.5000,0.5000,-6.8498,0.0250,3.8098,-3.8499,3.0250,6.8099
10.89,-4.6269,1.5816,1.2605,5.8700,1.5250,5.3100,11.2510,1.3309,0.00,True,-1.5526,-1.7195,-1.8061,0.8810,1.5669,3.0907,-0.5000,-0.5000,-0.5000,0.5000,0.5000,0.5000,4.3700,0.0250,3.8100,7.3700,3.0250,6.8100
10.89,-4.6269,1.5816,1.2605,-5.3498,1.5250,5.3099,4.1138,1.3309,0.00,True,-1.5526,-1.7195,-1.8061,0.8810,1.5669,3.0907,-0.5000,-0.5000,-0.5000,0.5000,0.5000,0.5000,-6.8498,0.0250,3.8098,-3.8499,3.0250,6.8099
11.00,-4.7484,1.5750,1.2243,5.8700,1.5250,5.3100,11.3775,1.2704,0.00,True,-1.5256,-1.7257,-1.7209,0.8675,1.5716,3.0784,-0.5000,-0.5000,-0.5000,0.5000,0.5000,0.5000,4.3700,0.0250,3.8100,7.3700,3.0250,6.8100
11.00,-4.7484,1.5750,1.2243,-5.3498,1.5250,5.3099,4.1299,1.2704,0.00,True,-1.5256,-1.7257,-1.7209,0.8675,1.5716,3.0784,-0.5000,-0.5000,-0.5000,0.5000,0.5000,0.5000,-6.8498,0.0250,3.8098,-3.8499,3.0250,6.8099
11.10,-4.8702,1.5711,1.1860,5.8700,1.5250,5.3100,11.5048,1.2768,0.00,True,-1.5003,-1.7117,-1.6896,0.8622,1.5799,3.0645,-0.5000,-0.5000,-0.5000,0.5000,0.5000,0.5000,4.3700,0.0250,3.8100,7.3700,3.0250,6.8100
11.10,-4.8702,1.5711,1.1860,-5.3498,1.5250,5.3099,4.1519,1.2768,0.00,True,-1.5003,-1.7117,-1.6896,0.8622,1.5799,3.0645,-0.5000,-0.5000,-0.5000,0.5000,0.5000,0.5000,-6.8498,0.0250,3.8098,-3.8499,3.0250,6.8099
11.20,-4.9953,1.5726,1.1455,5.8700,1.5250,5.3100,11.6362,1.3152,0.00,True,-1.4774,-1.7116,-1.7801,0.8647,1.5932,3.0536,-0.5000,-0.5000,-0.5000,0.5000,0.5000,0.5000,4.3700,0.0250,3.8100,7.3700,3.0250,6.8100
11.20,-4.9953,1.5726,1.1455,-5.3498,1.5250,5.3099,4.1797,1.3152,0.00,True,-1.4774,-1.7116,-1.7801,0.8647,1.5932,3.0536,-0.5000,-0.5000,-0.5000,0.5000,0.5000,0.5000,-6.8498,0.0250,3.8098,-3.8499,3.0250,6.8099
11.30,-5.1100,1.5725,1.0966,5.8700,1.5250,5.3100,11.7607,1.2467,0.00,True,-1.4794,-1.7112,-1.8069,0.8840,1.5948,3.0525,-0.5000,-0.5000,-0.5000,0.5000,0.5000,0.5000,4.3700,0.0250,3.8100,7.3700,3.0250,6.8100
11.30,-5.1100,1.5725,1.0966,-5.3498,1.5250,5.3099,4.2204,1.2467,0.00,True,-1.4794,-1.7112,-1.8069,0.8840,1.5948,3.0525,-0.5000,-0.5000,-0.5000,0.5000,0.5000,0.5000,-6.8498,0.0250,3.8098,-3.8499,3.0250,6.8099
11.40,-5.2121,1.5697,1.0368,5.8700,1.5250,5.3100,11.8775,1.1835,0.00,True,-1.5089,-1.7154,-1.8421,0.9143,1.5866,3.0637,-0.5000,-0.5000,-0.5000,0.5000,0.5000,0.5000,4.3700,0.0250,3.8100,7.3700,3.0250,6.8100
11.40,-5.2121,1.5697,1.0368,-5.3498,1.5250,5.3099,4.2755,1.1835,0.00,True,-1.5089,-1.7154,-1.8421,0.9143,1.5866,3.0637,-0.5000,-0.5000,-0.5000,0.5000,0.5000,0.5000,-6.8498,0.0250,3.8098,-3.8499,3.0250,6.8099
11.51,-5.3133,1.5723,0.9732,5.8700,1.5250,5.3100,11.9948,1.1956,0.00,True,-1.5373,-1.7091,-1.8708,0.9331,1.5811,3.0750,-0.5000,-0.5000,-0.5000,0.5000,0.5000,0.5000,4.3700,0.0250,3.8100,7.3700,3.0250,6.8100
11.51,-5.3133,1.5723,0.9732,-5.3498,1.5250,5.3099,4.3371,1.1956,0.00,True,-1.5373,-1.7091,-1.8708,0.9331,1.5811,3.0750,-0.5000,-0.5000,-0.5000,0.5000,0.5000,0.5000,-6.8498,0.0250,3.8098,-3.8499,3.0250,6.8099
11.61,-5.4095,1.5731,0.9080,5.8700,1.5250,5.3100,12.1081,1.1617,0.00,True,-1.5599,-1.7102,-1.8235,0.9372,1.5702,3.0824,-0.5000,-0.5000,-0.5000,0.5000,0.5000,0.5000,4.3700,0.0250,3.8100,7.3700,3.0250,6.8100
11.61,-5.4095,1.5731,0.9080,-5.3498,1.5250,5.3099,4.4025,1.1617,0.00,True,-1.5599,-1.7102,-1.8235,0.9372,1.5702,3.0824,-0.5000,-0.5000,-0.5000,0.5000,0.5000,0.5000,-6.8498,0.0250,3.8098,-3.8499,3.0250,6.8099
11.71,-5.5070,1.5730,0.8367,5.8700,1.5250,5.3100,12.2250,1.2090,0.00,True,-1.5765,-1.7107,-1.8243,0.9246,1.5598,3.0858,-0.5000,-0.5000,-0.5000,0.5000,0.5000,0.5000,4.3700,0.0250,3.8100,7.3700,3.0250,6.8100
11.71,-5.5070,1.5730,0.8367,-5.3498,1.5250,5.3099,4.4762,1.2090,0.00,True,-1.5765,-1.7107,-1.8243,0.9246,1.5598,3.0858,-0.5000,-0.5000,-0.5000,0.5000,0.5000,0.5000,-6.8498,0.0250,3.8098,-3.8499,3.0250,6.8099
11.81,-5.6004,1.5743,0.7609,5.8700,1.5250,5.3100,12.3397,1.2026,0.00,True,-1.5850,-1.7107,-1.8725,0.9081,1.5562,3.0855,-0.5000,-0.5000,-0.5000,0.5000,0.5000,0.5000,4.3700,0.0250,3.8100,7.3700,3.0250,6.8100
11.81,-5.6004,1.5743,0.7609,-5.3498,1.5250,5.3099,4.5561,1.2026,0.00,True,-1.5850,-1.7107,-1.8725,0.9081,1.5562,3.0855,-0.5000,-0.5000,-0.5000,0.5000,0.5000,0.5000,-6.8498,0.0250,3.8098,-3.8499,3.0250,6.8099
11.91,-5.6829,1.5762,0.6842,5.8700,1.5250,5.3100,12.4447,1.1262,0.00,True,-1.5886,-1.7163,-1.8487,0.8958,1.5631,3.0723,-0.5000,-0.5000,-0.5000,0.5000,0.5000,0.5000,4.3700,0.0250,3.8100,7.3700,3.0250,6.8100
11.91,-5.6829,1.5762,0.6842,-5.3498,1.5250,5.3099,4.6379,1.1262,0.00,True,-1.5886,-1.7163,-1.8487,0.8958,1.5631,3.0723,-0.5000,-0.5000,-0.5000,0.5000,0.5000,0.5000,-6.8498,0.0250,3.8098,-3.8499,3.0250,6.8099
12.01,-5.7557,1.5763,0.6059,5.8700,1.5250,5.3100,12.5415,1.0695,0.00,True,-1.5910,-1.7264,-1.7929,0.8879,1.5757,3.0437,-0.5000,-0.5000,-0.5000,0.5000,0.5000,0.5000,4.3700,0.0250,3.8100,7.3700,3.0250,6.8100
12.01,-5.7557,1.5763,0.6059,-5.3498,1.5250,5.3099,4.7217,1.0695,0.00,True,-1.5910,-1.7264,-1.7929,0.8879,1.5757,3.0437,-0.5000,-0.5000,-0.5000,0.5000,0.5000,0.5000,-6.8498,0.0250,3.8098,-3.8499,3.0250,6.8099
12.11,-5.8226,1.5743,0.5261,5.8700,1.5250,5.3100,12.6335,1.0412,0.00,True,-1.5926,-1.7151,-1.7179,0.8905,1.5883,3.0083,-0.5000,-0.5000,-0.5000,0.5000,0.5000,0.5000,4.3700,0.0250,3.8100,7.3700,3.0250,6.8100
12.11,-5.8226,1.5743,0.5261,-5.3498,1.5250,5.3099,4.8073,1.0412,0.00,True,-1.5926,-1.7151,-1.7179,0.8905,1.5883,3.0083,-0.5000,-0.5000,-0.5000,0.5000,0.5000,0.5000,-6.8498,0.0250,3.8098,-3.8499,3.0250,6.8099
12.21,-5.8867,1.5735,0.4439,5.8700,1.5250,5.3100,12.7241,1.0431,0.00,True,-1.5961,-1.7101,-1.6950,0.9029,1.5983,2.9791,-0.5000,-0.5000,-0.5000,0.5000,0.5000,0.5000,4.3700,0.0250,3.8100,7.3700,3.0250,6.8100
12.21,-5.8867,1.5735,0.4439,-5.3498,1.5250,5.3099,4.8958,1.0431,0.00,True,-1.5961,-1.7101,-1.6950,0.9029,1.5983,2.9791,-0.5000,-0.5000,-0.5000,0.5000,0.5000,0.5000,-6.8498,0.0250,3.8098,-3.8499,3.0250,6.8099
12.32,-5.9549,1.5758,0.3562,5.8700,1.5250,5.3100,12.8207,1.1102,0.00,True,-1.6009,-1.7086,-1.7919,0.9187,1.6031,2.9700,-0.5000,-0.5000,-0.5000,0.5000,0.5000,0.5000,4.3700,0.0250,3.8100,7.3700,3.0250,6.8100
12.32,-5.9549,1.5758,0.3562,-5.3498,1.5250,5.3099,4.9907,1.1102,0.00,True,-1.6009,-1.7086,-1.7919,0.9187,1.6031,2.9700,-0.5000,-0.5000,-0.5000,0.5000,0.5000,0.5000,-6.8498,0.0250,3.8098,-3.8499,3.0250,6.8099
12.42,-6.0295,1.5725,0.2645,5.8700,1.5250,5.3100,12.9251,1.1829,0.00,True,-1.6026,-1.7105,-1.8452,0.9381,1.5984,2.9807,-0.5000,-0.5000,-0.5000,0.5000,0.5000,0.5000,4.3700,0.0250,3.8100,7.3700,3.0250,6.8100
12.42,-6.0295,1.5725,0.2645,-5.3498,1.5250,5.3099,5.0911,1.1829,0.00,True,-1.6026,-1.7105,-1.8452,0.9381,1.5984,2.9807,-0.5000,-0.5000,-0.5000,0.5000,0.5000,0.5000,-6.8498,0.0250,3.8098,-3.8499,3.0250,6.8099
12.52,-6.1126,1.5680,0.1631,5.8700,1.5250,5.3100,13.0413,1.3117,0.00,True,-1.6020,-1.7133,-1.8727,0.9567,1.5879,3.0054,-0.5000,-0.5000,-0.5000,0.5000,0.5000,0.5000,4.3700,0.0250,3.8100,7.3700,3.0250,6.8100
12.52,-6.1126,1.5680,0.1631,-5.3498,1.5250,5.3099,5.2031,1.3117,0.00,True,-1.6020,-1.7133,-1.8727,0.9567,1.5879,3.0054,-0.5000,-0.5000,-0.5000,0.5000,0.5000,0.5000,-6.8498,0.0250,3.8098,-3.8499,3.0250,6.8099
12.62,-6.1939,1.5719,0.0588,5.8700,1.5250,5.3100,13.1573,1.3233,0.00,True,-1.6000,-1.7102,-1.8603,0.9592,1.5781,3.0382,-0.5000,-0.5000,-0.5000,0.5000,0.5000,0.5000,4.3700,0.0250,3.8100,7.3700,3.0250,6.8100
12.62,-6.1939,1.5719,0.0588,-5.3498,1.5250,5.3099,5.3187,1.3233,0.00,True,-1.6000,-1.7102,-1.8603,0.9592,1.5781,3.0382,-0.5000,-0.5000,-0.5000,0.5000,0.5000,0.5000,-6.8498,0.0250,3.8098,-3.8499,3.0250,6.8099
12.72,-6.2757,1.5729,-0.0485,5.8700,1.5250,5.3100,13.2753,1.3491,0.00,True,-1.5937,-1.7108,-1.7643,0.9418,1.5648,3.0643,-0.5000,-0.5000,-0.5000,0.5000,0.5000,0.5000,4.3700,0.0250,3.8100,7.3700,3.0250,6.8100
12.72,-6.2757,1.5729,-0.0485,-5.3498,1.5250,5.3099,5.4380,1.3491,0.00,True,-1.5937,-1.7108,-1.7643,0.9418,1.5648,3.0643,-0.5000,-0.5000,-0.5000,0.5000,0.5000,0.5000,-6.8498,0.0250,3.8098,-3.8499,3.0250,6.8099
12.82,-6.3550,1.5749,-0.1571,5.8700,1.5250,5.3100,13.3919,1.3451,0.00,True,-1.5847,-1.7104,-1.8605,0.9175,1.5571,3.0819,-0.5000,-0.5000,-0.5000,0.5000,0.5000,0.5000,4.3700,0.0250,3.8100,7.3700,3.0250,6.8100
12.82,-6.3550,1.5749,-0.1571,-5.3498,1.5250,5.3099,5.5588,1.3451,0.00,True,-1.5847,-1.7104,-1.8605,0.9175,1.5571,3.0819,-0.5000,-0.5000,-0.5000,0.5000,0.5000,0.5000,-6.8498,0.0250,3.8098,-3.8499,3.0250,6.8099
12.92,-6.4299,1.5789,-0.2644,5.8700,1.5250,5.3100,13.5042,1.3091,0.00,True,-1.5717,-1.7108,-1.8639,0.8996,1.5587,3.0916,-0.5000,-0.5000,-0.5000,0.5000,0.5000,0.5000,4.3700,0.0250,3.8100,7.3700,3.0250,6.8100
12.92,-6.4299,1.5789,-0.2644,-5.3498,1.5250,5.3099,5.6782,1.3091,0.00,True,-1.5717,-1.7108,-1.8639,0.8996,1.5587,3.0916,-0.5000,-0.5000,-0.5000,0.5000,0.5000,0.5000,-6.8498,0.0250,3.8098,-3.8499,3.0250,6.8099
13.02,-6.5009,1.5819,-0.3717,5.8700,1.5250,5.3100,13.6133,1.2863,0.00,True,-1.5541,-1.7189,-1.8101,0.8819,1.5667,3.0911,-0.5000,-0.5000,-0.5000,0.5000,0.5000,0.5000,4.3700,0.0250,3.8100,7.3700,3.0250,6.8100
13.02,-6.5009,1.5819,-0.3717,-5.3498,1.5250,5.3099,5.7972,1.2863,0.00,True,-1.5541,-1.7189,-1.8101,0.8819,1.5667,3.0911,-0.5000,-0.5000,-0.5000,0.5000,0.5000,0.5000,-6.8498,0.0250,3.8098,-3.8499,3.0250,6.8099
13.13,-6.5720,1.5753,-0.4790,5.8700,1.5250,5.3100,13.7230,1.2898,0.00,True,-1.5266,-1.7260,-1.7244,0.8678,1.5713,3.0790,-0.5000,-0.5000,-0.5000,0.5000,0.5000,0.5000,4.3700,0.0250,3.8100,7.3700,3.0250,6.8100
13.13,-6.5720,1.5753,-0.4790,-5.3498,1.5250,5.3099,5.9167,1.2898,0.00,True,-1.5266,-1.7260,-1.7244,0.8678,1.5713,3.0790,-0.5000,-0.5000,-0.5000,0.5000,0.5000,0.5000,-6.8498,0.0250,3.8098,-3.8499,3.0250,6.8099
13.23,-6.6417,1.5711,-0.5880,5.8700,1.5250,5.3100,13.8322,1.2938,0.00,True,-1.5009,-1.7117,-1.6866,0.8623,1.5796,3.0649,-0.5000,-0.5000,-0.5000,0.5000,0.5000,0.5000,4.3700,0.0250,3.8100,7.3700,3.0250,6.8100
13.23,-6.6417,1.5711,-0.5880,-5.3498,1.5250,5.3099,6.0378,1.2938,0.00,True,-1.5009,-1.7117,-1.6866,0.8623,1.5796,3.0649,-0.5000,-0.5000,-0.5000,0.5000,0.5000,0.5000,-6.8498,0.0250,3.8098,-3.8499,3.0250,6.8099
13.33,-6.7119,1.5726,-0.7001,5.8700,1.5250,5.3100,13.9437,1.3227,0.00,True,-1.4777,-1.7116,-1.7791,0.8646,1.5929,3.0538,-0.5000,-0.5000,-0.5000,0.5000,0.5000,0.5000,4.3700,0.0250,3.8100,7.3700,3.0250,6.8100
13.33,-6.7119,1.5726,-0.7001,-5.3498,1.5250,5.3099,6.1625,1.3227,0.00,True,-1.4777,-1.7116,-1.7791,0.8646,1.5929,3.0538,-0.5000,-0.5000,-0.5000,0.5000,0.5000,0.5000,-6.8498,0.0250,3.8098,-3.8499,3.0250,6.8099
13.43,-6.7753,1.5726,-0.8057,5.8700,1.5250,5.3100,14.0466,1.2320,0.00,True,-1.4598,-1.7111,-1.8060,0.8913,1.5956,3.0591,-0.5000,-0.5000,-0.5000,0.5000,0.5000,0.5000,4.3700,0.0250,3.8100,7.3700,3.0250,6.8100
13.43,-6.7753,1.5726,-0.8057,-5.3498,1.5250,5.3099,6.2796,1.2320,0.00,True,-1.4598,-1.7111,-1.8060,0.8913,1.5956,3.0591,-0.5000,-0.5000,-0.5000,0.5000,0.5000,0.5000,-6.8498,0.0250,3.8098,-3.8499,3.0250,6.8099
13.53,-6.8365,1.5691,-0.9082,5.8700,1.5250,5.3100,14.1465,1.1943,0.00,True,-1.4379,-1.7153,-1.8396,0.9452,1.5872,3.0893,-0.5000,-0.5000,-0.5000,0.5000,0.5000,0.5000,4.3700,0.0250,3.8100,7.3700,3.0250,6.8100
13.53,-6.8365,1.5691,-0.9082,-5.3498,1.5250,5.3099,6.3934,1.1943,0.00,True,-1.4379,-1.7153,-1.8396,0.9452,1.5872,3.0893,-0.5000,-0.5000,-0.5000,0.5000,0.5000,0.5000,-6.8498,0.0250,3.8098,-3.8499,3.0250,6.8099
13.63,-6.8988,1.5707,-1.0165,5.8700,1.5250,5.3100,14.2502,1.2498,0.00,True,-1.4133,-1.7123,-1.8702,0.9875,1.5815,3.1203,-0.5000,-0.5000,-0.5000,0.5000,0.5000,0.5000,4.3700,0.0250,3.8100,7.3700,3.0250,6.8100
13.63,-6.8988,1.5707,-1.0165,-5.3498,1.5250,5.3099,6.5134,1.2498,0.00,True,-1.4133,-1.7123,-1.8702,0.9875,1.5815,3.1203,-0.5000,-0.5000,-0.5000,0.5000,0.5000,0.5000,-6.8498,0.0250,3.8098,-3.8499,3.0250,6.8099
13.74,-6.9592,1.5720,-1.1258,5.8700,1.5250,5.3100,14.3531,1.2486,0.00,True,-1.3828,-1.7131,-1.8259,1.0149,1.5709,3.1483,-0.5000,-0.5000,-0.5000,0.5000,0.5000,0.5000,4.3700,0.0250,3.8100,7.3700,3.0250,6.8100
13.74,-6.9592,1.5720,-1.1258,-5.3498,1.5250,5.3099,6.6340,1.2486,0.00,True,-1.3828,-1.7131,-1.8259,1.0149,1.5709,3.1483,-0.5000,-0.5000,-0.5000,0.5000,0.5000,0.5000,-6.8498,0.0250,3.8098,-3.8499,3.0250,6.8099
13.84,-7.0186,1.5715,-1.2387,5.8700,1.5250,5.3100,14.4570,1.2758,0.00,True,-1.3455,-1.7118,-1.8232,1.0250,1.5599,3.1707,-0.5000,-0.5000,-0.5000,0.5000,0.5000,0.5000,4.3700,0.0250,3.8100,7.3700,3.0250,6.8100
13.84,-7.0186,1.5715,-1.2387,-5.3498,1.5250,5.3099,6.7580,1.2758,0.00,True,-1.3455,-1.7118,-1.8232,1.0250,1.5599,3.1707,-0.5000,-0.5000,-0.5000,0.5000,0.5000,0.5000,-6.8498,0.0250,3.8098,-3.8499,3.0250,6.8099
13.94,-7.0743,1.5722,-1.3523,5.8700,1.5250,5.3100,14.5583,1.2656,0.00,True,-1.3012,-1.7266,-1.8725,1.0306,1.5558,3.1865,-0.5000,-0.5000,-0.5000,0.5000,0.5000,0.5000,4.3700,0.0250,3.8100,7.3700,3.0250,6.8100
13.94,-7.0743,1.5722,-1.3523,-5.3498,1.5250,5.3099,6.8819,1.2656,0.00,True,-1.3012,-1.7266,-1.8725,1.0306,1.5558,3.1865,-0.5000,-0.5000,-0.5000,0.5000,0.5000,0.5000,-6.8498,0.0250,3.8098,-3.8499,3.0250,6.8099
14.04,-7.1234,1.5739,-1.4605,5.8700,1.5250,5.3100,14.6517,1.1879,0.00,True,-1.2885,-1.7262,-1.8478,1.0395,1.5625,3.1877,-0.5000,-0.5000,-0.5000,0.5000,0.5000,0.5000,4.3700,0.0250,3.8100,7.3700,3.0250,6.8100
14.04,-7.1234,1.5739,-1.4605,-5.3498,1.5250,5.3099,6.9990,1.1879,0.00,True,-1.2885,-1.7262,-1.8478,1.0395,1.5625,3.1877,-0.5000,-0.5000,-0.5000,0.5000,0.5000,0.5000,-6.8498,0.0250,3.8098,-3.8499,3.0250,6.8099
14.14,-7.1664,1.5745,-1.5629,5.8700,1.5250,5.3100,14.7373,1.1109,0.00,True,-1.2835,-1.7316,-1.7920,1.0521,1.5748,3.1743,-0.5000,-0.5000,-0.5000,0.5000,0.5000,0.5000,4.3700,0.0250,3.8100,7.3700,3.0250,6.8100
14.14,-7.1664,1.5745,-1.5629,-5.3498,1.5250,5.3099,7.1090,1.1109,0.00,True,-1.2835,-1.7316,-1.7920,1.0521,1.5748,3.1743,-0.5000,-0.5000,-0.5000,0.5000,0.5000,0.5000,-6.8498,0.0250,3.8098,-3.8499,3.0250,6.8099
14.25,-7.2057,1.5742,-1.6609,5.8700,1.5250,5.3100,14.8179,1.0555,0.00,True,-1.2821,-1.7239,-1.7199,1.0728,1.5876,3.1552,-0.5000,-0.5000,-0.5000,0.5000,0.5000,0.5000,4.3700,0.0250,3.8100,7.3700,3.0250,6.8100
14.25,-7.2057,1.5742,-1.6609,-5.3498,1.5250,5.3099,7.2137,1.0555,0.00,True,-1.2821,-1.7239,-1.7199,1.0728,1.5876,3.1552,-0.5000,-0.5000,-0.5000,0.5000,0.5000,0.5000,-6.8498,0.0250,3.8098,-3.8499,3.0250,6.8099
14.35,-7.2474,1.5743,-1.7654,5.8700,1.5250,5.3100,14.9040,1.1250,0.00,True,-1.2842,-1.7218,-1.6955,1.1040,1.5986,3.1393,-0.5000,-0.5000,-0.5000,0.5000,0.5000,0.5000,4.3700,0.0250,3.8100,7.3700,3.0250,6.8100
14.35,-7.2474,1.5743,-1.7654,-5.3498,1.5250,5.3099,7.3254,1.1250,0.00,True,-1.2842,-1.7218,-1.6955,1.1040,1.5986,3.1393,-0.5000,-0.5000,-0.5000,0.5000,0.5000,0.5000,-6.8498,0.0250,3.8098,-3.8499,3.0250,6.8099
14.45,-7.2913,1.5748,-1.8692,5.8700,1.5250,5.3100,14.9921,1.1272,0.00,True,-1.2888,-1.7197,-1.7920,1.1370,1.6027,3.1384,-0.5000,-0.5000,-0.5000,0.5000,0.5000,0.5000,4.3700,0.0250,3.8100,7.3700,3.0250,6.8100
14.45,-7.2913,1.5748,-1.8692,-5.3498,1.5250,5.3099,7.4371,1.1272,0.00,True,-1.2888,-1.7197,-1.7920,1.1370,1.6027,3.1384,-0.5000,-0.5000,-0.5000,0.5000,0.5000,0.5000,-6.8498,0.0250,3.8098,-3.8499,3.0250,6.8099
14.55,-7.3427,1.5715,-1.9832,5.8700,1.5250,5.3100,15.0920,1.2512,0.00,True,-1.2978,-1.7174,-1.8442,1.1731,1.5994,3.1559,-0.5000,-0.5000,-0.5000,0.5000,0.5000,0.5000,4.3700,0.0250,3.8100,7.3700,3.0250,6.8100
14.55,-7.3427,1.5715,-1.9832,-5.3498,1.5250,5.3099,7.5606,1.2512,0.00,True,-1.2978,-1.7174,-1.8442,1.1731,1.5994,3.1559,-0.5000,-0.5000,-0.5000,0.5000,0.5000,0.5000,-6.8498,0.0250,3.8098,-3.8499,3.0250,6.8099
14.65,-7.3969,1.5664,-2.1024,5.8700,1.5250,5.3100,15.1973,1.3105,0.00,True,-1.3090,-1.7166,-1.8712,1.2046,1.5887,3.1852,-0.5000,-0.5000,-0.5000,0.5000,0.5000,0.5000,4.3700,0.0250,3.8100,7.3700,3.0250,6.8100
14.65,-7.3969,1.5664,-2.1024,-5.3498,1.5250,5.3099,7.6898,1.3105,0.00,True,-1.3090,-1.7166,-1.8712,1.2046,1.5887,3.1852,-0.5000,-0.5000,-0.5000,0.5000,0.5000,0.5000,-6.8498,0.0250,3.8098,-3.8499,3.0250,6.8099
14.76,-7.4545,1.5711,-2.2244,5.8700,1.5250,5.3100,15.3072,1.3495,0.00,True,-1.3143,-1.7135,-1.8601,1.2205,1.5795,3.2212,-0.5000,-0.5000,-0.5000,0.5000,0.5000,0.5000,4.3700,0.0250,3.8100,7.3700,3.0250,6.8100
14.76,-7.4545,1.5711,-2.2244,-5.3498,1.5250,5.3099,7.8228,1.3495,0.00,True,-1.3143,-1.7135,-1.8601,1.2205,1.5795,3.2212,-0.5000,-0.5000,-0.5000,0.5000,0.5000,0.5000,-6.8498,0.0250,3.8098,-3.8499,3.0250,6.8099
14.86,-7.5118,1.5720,-2.3435,5.8700,1.5250,5.3100,15.4160,1.3220,0.00,True,-1.3084,-1.7134,-1.7619,1.2174,1.5659,3.2479,-0.5000,-0.5000,-0.5000,0.5000,0.5000,0.5000,4.3700,0.0250,3.8100,7.3700,3.0250,6.8100
14.86,-7.5118,1.5720,-2.3435,-5.3498,1.5250,5.3099,7.9530,1.3220,0.00,True,-1.3084,-1.7134,-1.7619,1.2174,1.5659,3.2479,-0.5000,-0.5000,-0.5000,0.5000,0.5000,0.5000,-6.8498,0.0250,3.8098,-3.8499,3.0250,6.8099
14.96,-7.5796,1.5748,-2.4761,5.8700,1.5250,5.3100,15.5408,1.4893,0.00,True,-1.2942,-1.7219,-1.8651,1.2060,1.5576,3.2664,-0.5000,-0.5000,-0.5000,0.5000,0.5000,0.5000,4.3700,0.0250,3.8100,7.3700,3.0250,6.8100
14.96,-7.5796,1.5748,-2.4761,-5.3498,1.5250,5.3099,8.0991,1.4893,0.00,True,-1.2942,-1.7219,-1.8651,1.2060,1.5576,3.2664,-0.5000,-0.5000,-0.5000,0.5000,0.5000,0.5000,-6.8498,0.0250,3.8098,-3.8499,3.0250,6.8099
15.07,-7.6433,1.5784,-2.5911,5.8700,1.5250,5.3100,15.6538,1.3158,0.00,True,-1.2822,-1.7186,-1.8599,1.2007,1.5606,3.2676,-0.5000,-0.5000,-0.5000,0.5000,0.5000,0.5000,4.3700,0.0250,3.8100,7.3700,3.0250,6.8100
15.07,-7.6433,1.5784,-2.5911,-5.3498,1.5250,5.3099,8.2273,1.3158,0.00,True,-1.2822,-1.7186,-1.8599,1.2007,1.5606,3.2676,-0.5000,-0.5000,-0.5000,0.5000,0.5000,0.5000,-6.8498,0.0250,3.8098,-3.8499,3.0250,6.8099
15.17,-7.7049,1.5796,-2.6940,5.8700,1.5250,5.3100,15.7589,1.1988,0.00,True,-1.2710,-1.7238,-1.8082,1.1971,1.5694,3.2532,-0.5000,-0.5000,-0.5000,0.5000,0.5000,0.5000,4.3700,0.0250,3.8100,7.3700,3.0250,6.8100
15.17,-7.7049,1.5796,-2.6940,-5.3498,1.5250,5.3099,8.3433,1.1988,0.00,True,-1.2710,-1.7238,-1.8082,1.1971,1.5694,3.2532,-0.5000,-0.5000,-0.5000,0.5000,0.5000,0.5000,-6.8498,0.0250,3.8098,-3.8499,3.0250,6.8099
15.27,-7.7677,1.5797,-2.7951,5.8700,1.5250,5.3100,15.8646,1.1908,0.00,True,-1.2637,-1.7249,-1.7313,1.1979,1.5817,3.2287,-0.5000,-0.5000,-0.5000,0.5000,0.5000,0.5000,4.3700,0.0250,3.8100,7.3700,3.0250,6.8100
15.27,-7.7677,1.5797,-2.7951,-5.3498,1.5250,5.3099,8.4581,1.1908,0.00,True,-1.2637,-1.7249,-1.7313,1.1979,1.5817,3.2287,-0.5000,-0.5000,-0.5000,0.5000,0.5000,0.5000,-6.8498,0.0250,3.8098,-3.8499,3.0250,6.8099
